,depth,badhole,vsh,comp_ephi,sw,sand,res,pay
0,4600.0,1,0.2914707142857143,0.03772425003198295,1.0,0,0,0
1,4600.5,1,0.35517714285714286,0.06190835837953087,0.7792083989901334,0,0,0
2,4601.0,0,0.3913428571428571,0.039960295238095175,0.9465604098771739,0,0,0
3,4601.5,0,0.4301714285714286,0.05580979913419906,0.7582311265134146,0,0,0
4,4602.0,0,0.4922728571428571,0.06825286463203457,0.6688006564425684,0,0,0
5,4602.5,0,0.5079192857142857,0.07757467664502155,0.5585540579454159,0,0,0
6,4603.0,0,0.4755821428571429,0.0707570009740259,0.594015545429511,0,0,0
7,4603.5,0,0.4126192857142857,0.05712904331168828,0.6680961179673652,0,0,0
8,4604.0,0,0.375645,0.04547287681818177,0.716622803673705,0,0,0
9,4604.5,0,0.4312364285714285,0.04501038080086573,0.8680006923282659,0,0,0
10,4605.0,0,0.5471164285714286,0.04683097595238096,0.9821926576029638,0,0,0
11,4605.5,0,0.6668135714285714,0.044559744956709946,1.0,0,0,0
12,4606.0,0,0.7382635714285714,0.03848078586580081,1.0,0,0,0
13,4606.5,0,0.7429,0.04896935454545448,0.8942079645843183,0,0,0
14,4607.0,0,0.6387314285714285,0.06302069852813846,0.6317608696859723,0,0,0
15,4607.5,0,0.4690328571428571,0.06742238826839828,0.49265701045196797,0,0,0
16,4608.0,0,0.32699357142857144,0.07424103404761907,0.46929476636218476,0,0,0
17,4608.5,0,0.23542642857142856,0.07598397383116882,0.3004616934027646,0,0,0
18,4609.0,0,0.17793285714285717,0.0735583488744588,0.2894764113475125,0,0,0
19,4609.5,0,0.11164357142857143,0.073733881017316,0.2997016117203511,1,0,0
20,4610.0,0,0.10607928571428571,0.06980402452380953,0.26870678449713065,1,0,0
21,4610.5,0,0.1459542857142857,0.06411522528138527,0.2331528950287863,1,0,0
22,4611.0,0,0.1958864285714286,0.05408322777056279,0.25656902007329163,0,0,0
23,4611.5,0,0.19032214285714286,0.051470037943722985,0.33644359776179744,0,0,0
24,4612.0,0,0.1458114285714286,0.05041716034632035,0.3508309700654419,1,0,0
25,4612.5,0,0.12945428571428574,0.05843796770562769,0.4591360319188529,1,0,0
26,4613.0,0,0.2071835714285714,0.06727305132034635,0.6680546768626352,0,0,0
27,4613.5,0,0.28971428571428576,0.08685144588744585,0.5900329110115761,0,0,0
28,4614.0,0,0.3235157142857143,0.10748527199134196,0.495090461486203,0,0,0
29,4614.5,0,0.29252357142857144,0.11798917313852818,0.49232483168555197,0,0,0
30,4615.0,0,0.2648885714285714,0.12519987298701296,0.4663080383143422,0,0,0
31,4615.5,0,0.28885285714285713,0.11567109917748916,0.4984883365483305,0,0,0
32,4616.0,0,0.34772214285714287,0.10398465006493501,0.5243543502677603,0,0,0
33,4616.5,0,0.4137042857142857,0.0902107783116883,0.5184961977123009,0,0,0
34,4617.0,0,0.4739992857142857,0.07797953240259742,0.6498648809462009,0,0,0
35,4617.5,0,0.5306728571428572,0.06308847675324677,0.806218583581091,0,0,0
36,4618.0,0,0.6132178571428571,0.05417592023809517,0.7496498098583755,0,0,0
37,4618.5,0,0.6022164285714285,0.0641129547402598,0.6778538592347617,0,0,0
38,4619.0,0,0.5651242857142857,0.07392872558441563,0.5562636303850113,0,0,0
39,4619.5,0,0.5184171428571429,0.07809253142857148,0.502118741365693,0,0,0
40,4620.0,0,0.48596071428571425,0.07458331244588742,0.5305538829769777,0,0,0
41,4620.5,0,0.4442321428571428,0.0784756661255411,0.5084060113752042,0,0,0
42,4621.0,0,0.36869142857142856,0.0841232403463203,0.4632891000463665,0,0,0
43,4621.5,0,0.3933428571428571,0.08080896190476183,0.45691643816678135,0,0,0
44,4622.0,0,0.38761357142857145,0.07928496919913412,0.4265703307532555,0,0,0
45,4622.5,0,0.41215214285714286,0.07276935582251079,0.4179776556089082,0,0,0
46,4623.0,0,0.3763728571428571,0.07710869190476184,0.37134380096213365,0,0,0
47,4623.5,0,0.3783928571428571,0.07701426948051951,0.376740908863065,0,0,0
48,4624.0,0,0.3950842857142858,0.07887217649350647,0.37675497586937096,0,0,0
49,4624.5,0,0.4181585714285714,0.07513889753246755,0.3709251673186964,0,0,0
50,4625.0,0,0.40981285714285715,0.0687894894805195,0.3985897809075862,0,0,0
51,4625.5,0,0.3651392857142857,0.06857254512987006,0.4140376905899899,0,0,0
52,4626.0,0,0.29848142857142856,0.07617158489177484,0.38273621248283446,0,0,0
53,4626.5,0,0.30219071428571426,0.08012636365800865,0.42062440376316385,0,0,0
54,4627.0,0,0.3181171428571429,0.08490553445887439,0.3935830079650936,0,0,0
55,4627.5,0,0.3691192857142857,0.07810690694805189,0.3796483880656678,0,0,0
56,4628.0,0,0.3950842857142858,0.07089035831168831,0.41067871414147067,0,0,0
57,4628.5,0,0.4747171428571429,0.060717952640692574,0.5659701931289453,0,0,0
58,4629.0,0,0.5281828571428572,0.05774170493506496,0.6332608607409457,0,0,0
59,4629.5,0,0.5797335714285714,0.05811661647186145,0.6063959279365537,0,0,0
60,4630.0,0,0.5705764285714287,0.06638898746753244,0.5973833049140067,0,0,0
61,4630.5,0,0.5625492857142858,0.07665940058441553,0.5692451514937759,0,0,0
62,4631.0,0,0.5119257142857143,0.09093040017316012,0.5176498664390752,0,0,0
63,4631.5,0,0.44701357142857145,0.10251188435064927,0.5068130347935409,0,0,0
64,4632.0,0,0.36540999999999996,0.11525970393939389,0.47005528753162074,0,0,0
65,4632.5,0,0.32730714285714285,0.11204927900432902,0.46461462818516414,0,0,0
66,4633.0,0,0.34029000000000004,0.10039475363636358,0.49812448746558186,0,0,0
67,4633.5,0,0.3838735714285714,0.08862293222943719,0.5361951447815092,0,0,0
68,4634.0,0,0.3865092857142857,0.09221745755411254,0.5222775233062079,0,0,0
69,4634.5,0,0.3670357142857143,0.09571431926406922,0.5060711863374255,0,0,0
70,4635.0,0,0.32345214285714285,0.1023573527922077,0.48800116251195674,0,0,0
71,4635.5,0,0.36077357142857147,0.09434386253246757,0.5195778137630509,0,0,0
72,4636.0,0,0.41814142857142855,0.08820137216450218,0.5123008326196927,0,0,0
73,4636.5,0,0.5145821428571429,0.07811357673160169,0.5685327806008591,0,0,0
74,4637.0,0,0.5433285714285715,0.07856203419913418,0.6030724739804123,0,0,0
75,4637.5,0,0.5007978571428572,0.08835697296536799,0.5451059350956511,0,0,0
76,4638.0,0,0.43419642857142854,0.09754380140692648,0.5081691006985111,0,0,0
77,4638.5,0,0.4063764285714286,0.09374587837662339,0.5054161525486304,0,0,0
78,4639.0,0,0.42306857142857146,0.08487643480519481,0.5388273501043678,0,0,0
79,4639.5,0,0.49152500000000005,0.06749498712121202,0.640202424363141,0,0,0
80,4640.0,0,0.5451714285714285,0.0600551021645021,0.6263628397831135,0,0,0
81,4640.5,0,0.5396078571428572,0.06391153145021639,0.6843428657378098,0,0,0
82,4641.0,0,0.48211428571428566,0.08615408831168822,0.5752647955705871,0,0,0
83,4641.5,0,0.3919407142857143,0.10292391668831163,0.5283428088060209,0,0,0
84,4642.0,0,0.3353742857142857,0.1083123846753247,0.4978805744002417,0,0,0
85,4642.5,0,0.3149735714285714,0.10153151707792202,0.5276474006390355,0,0,0
86,4643.0,0,0.34222785714285714,0.09046686054112554,0.599690166340117,0,0,0
87,4643.5,0,0.4025028571428571,0.07358173402597397,0.661935067175181,0,0,0
88,4644.0,0,0.4549857142857142,0.06194746623376617,0.6283311590204761,0,0,0
89,4644.5,0,0.46658214285714283,0.058574364610389604,0.6301591120869866,0,0,0
90,4645.0,0,0.4387628571428571,0.06801424251082246,0.5472402908471466,0,0,0
91,4645.5,0,0.4076085714285715,0.0715009687445887,0.5050006899655584,0,0,0
92,4646.0,0,0.3911414285714286,0.08205649337662335,0.4516734832536943,0,0,0
93,4646.5,0,0.3503392857142857,0.08914180573593068,0.39924008912858255,0,0,0
94,4647.0,0,0.3021192857142857,0.09074020997835501,0.3839292382298733,0,0,0
95,4647.5,0,0.26247857142857145,0.09029286601731597,0.3889465585899958,0,0,0
96,4648.0,0,0.2804,0.08461518787878788,0.40919186231864496,0,0,0
97,4648.5,0,0.2850364285714286,0.08588557474025976,0.39177678166882207,0,0,0
98,4649.0,0,0.292375,0.08790385227272732,0.3680582102987166,0,0,0
99,4649.5,0,0.2642528571428571,0.09093280220779221,0.34508806649055096,0,0,0
100,4650.0,0,0.24848857142857145,0.09512535177489173,0.34655633003980324,0,0,0
101,4650.5,0,0.24578714285714287,0.09380617112554113,0.3605687481563251,0,0,0
102,4651.0,0,0.26247857142857145,0.09464286601731599,0.37641093121291286,0,0,0
103,4651.5,0,0.26086499999999996,0.09699147257575749,0.3738005874800701,0,0,0
104,4652.0,0,0.2562285714285714,0.10223926753246751,0.36681923644417147,0,0,0
105,4652.5,0,0.29693214285714287,0.0973434873376623,0.42145070476239843,0,0,0
106,4653.0,0,0.3551121428571428,0.09613823097402589,0.4407350512723266,0,0,0
107,4653.5,0,0.3857135714285714,0.09328600859307357,0.4580626623722651,0,0,0
108,4654.0,0,0.4015757142857143,0.09095855017316018,0.47881322377235175,0,0,0
109,4654.5,0,0.41548500000000005,0.0883575895454545,0.5016636987743534,0,0,0
110,4655.0,0,0.4667085714285715,0.08520149298701293,0.5261355720435803,0,0,0
111,4655.5,0,0.4449314285714286,0.09377368640692642,0.4902641461369596,0,0,0
112,4656.0,0,0.4116657142857143,0.09859813411255405,0.457243726227667,0,0,0
113,4656.5,0,0.34459357142857144,0.1018938461688311,0.4210552717355598,0,0,0
114,4657.0,0,0.3264964285714286,0.09989067716450215,0.4141150077558809,0,0,0
115,4657.5,0,0.3421435714285714,0.096879077987013,0.4380587617779919,0,0,0
116,4658.0,0,0.3542828571428571,0.10117256251082252,0.4551450317302706,0,0,0
117,4658.5,0,0.3567692857142857,0.10679396603896107,0.4354464678278521,0,0,0
118,4659.0,0,0.30576714285714285,0.11053956324675321,0.3864265100226453,0,0,0
119,4659.5,0,0.29371214285714287,0.10531567945887446,0.41598240334563863,0,0,0
120,4660.0,0,0.2865885714285714,0.10204820935064937,0.4585443874667172,0,0,0
121,4660.5,0,0.31524928571428573,0.1010817672510822,0.4448258721803411,0,0,0
122,4661.0,0,0.3235957142857143,0.10225382471861463,0.4423883721948541,0,0,0
123,4661.5,0,0.3050492857142857,0.10339508240259737,0.4289603285804675,0,0,0
124,4662.0,0,0.29957142857142854,0.10005277489177489,0.4111200082183449,0,0,0
125,4662.5,0,0.2970892857142857,0.09723999512987008,0.4501292919097765,0,0,0
126,4663.0,0,0.3221264285714286,0.09188670413419908,0.5010738124368943,0,0,0
127,4663.5,0,0.35551,0.09123122818181811,0.48876862120966547,0,0,0
128,4664.0,0,0.3728285714285714,0.09689350389610386,0.4486805817912813,0,0,0
129,4664.5,0,0.407035,0.09881954863636364,0.4409147496885112,0,0,0
130,4665.0,0,0.42650857142857146,0.08850450510822513,0.4687593671879715,0,0,0
131,4665.5,0,0.47472857142857144,0.07159246450216449,0.5097150420561712,0,0,0
132,4666.0,0,0.489365,0.06429254833333328,0.5193086749692802,0,0,0
133,4666.5,0,0.45412714285714284,0.07637135354978358,0.47322188979563834,0,0,0
134,4667.0,0,0.37623285714285715,0.09472395190476184,0.4276510017455075,0,0,0
135,4667.5,0,0.3338814285714286,0.09891601519480522,0.4114760421664798,0,0,0
136,4668.0,0,0.29477714285714285,0.10460717021645022,0.37417583651016384,0,0,0
137,4668.5,0,0.2753035714285714,0.10681312283549783,0.3571528659521764,0,0,0
138,4669.0,0,0.2538985714285714,0.11484475268398267,0.3258028867650468,0,0,0
139,4669.5,0,0.2586928571428571,0.12057217554112551,0.31195637820545563,0,0,0
140,4670.0,0,0.2930035714285714,0.12091412586580084,0.33192483629547476,0,0,0
141,4670.5,0,0.3542828571428571,0.11378922917748913,0.34544085109303846,0,0,0
142,4671.0,0,0.4664878571428572,0.09541797508658004,0.3784343190874901,0,0,0
143,4671.5,0,0.5527278571428571,0.07904357266233768,0.46217975784748916,0,0,0
144,4672.0,0,0.5711521428571428,0.069850477034632,0.5049527414274194,0,0,0
145,4672.5,0,0.5590971428571428,0.06813113870129867,0.47871540223995374,0,0,0
146,4673.0,0,0.4988214285714285,0.07368907034632038,0.44211394904020557,0,0,0
147,4673.5,0,0.46240000000000003,0.07955597575757577,0.4519934151556542,0,0,0
148,4674.0,0,0.43805642857142857,0.08584275837662335,0.42709049389085585,0,0,0
149,4674.5,0,0.4176557142857143,0.08456340593073583,0.38326950909075214,0,0,0
150,4675.0,0,0.3790864285714286,0.07794473080086578,0.35907216769553546,0,0,0
151,4675.5,0,0.25413285714285716,0.08304042766233767,0.3026715850531912,0,0,0
152,4676.0,0,0.16785000000000003,0.08608010757575751,0.27572189006475734,0,0,0
153,4676.5,0,0.11499285714285712,0.08853699069264064,0.27437565662102986,1,1,1
154,4677.0,0,0.12612071428571428,0.08845435729437222,0.31139961891839085,1,1,1
155,4677.5,0,0.1512007142857143,0.09686306153679657,0.344008661044613,0,0,0
156,4678.0,0,0.1442964285714286,0.10845199231601735,0.3471469083121861,1,1,1
157,4678.5,0,0.1461507142857143,0.11453169335497829,0.3158373823585286,1,1,1
158,4679.0,0,0.1442964285714286,0.11454441655844153,0.32343743273642367,1,1,1
159,4679.5,0,0.1650542857142857,0.12111362831168831,0.3748742954747616,0,0,0
160,4680.0,0,0.19009142857142858,0.13266488277056274,0.37639032156975577,0,0,0
161,4680.5,0,0.2401664285714286,0.13123095019480524,0.3694822085038903,0,0,0
162,4681.0,0,0.3505735714285714,0.10552081404761901,0.3912239806096641,0,0,0
163,4681.5,0,0.49616142857142853,0.07663507095238091,0.42870802140356096,0,0,0
164,4682.0,0,0.5682478571428571,0.07710643811688311,0.5601111945832548,0,0,0
165,4682.5,0,0.6118321428571428,0.08081484188311693,0.5188188090367046,0,0,0
166,4683.0,0,0.5441378571428571,0.09326321599567095,0.42354509137211743,0,0,0
167,4683.5,0,0.5006971428571428,0.09568158718614717,0.5118866424794105,0,0,0
168,4684.0,1,0.40889285714285717,0.0711367713219616,0.7180616436166375,0,0,0
169,4684.5,1,0.4087864285714285,0.061504024168443534,0.5820139435639264,0,0,0
170,4685.0,0,0.4988378571428571,0.055917582662337637,0.6534125402703603,0,0,0
171,4685.5,0,0.599915,0.05489562863636367,0.5907026670703776,0,0,0
172,4686.0,0,0.6139307142857143,0.08119973396103893,0.3672316351503043,0,0,0
173,4686.5,0,0.5416,0.13910196363636362,0.2441779672603735,0,0,0
174,4687.0,1,0.45906928571428574,0.03762751384861403,0.8041157219933094,0,0,0
175,4687.5,1,0.38909499999999997,0.03278929649253728,0.7949397712792522,0,0,0
176,4688.0,1,0.28867714285714285,0.047381410618336936,0.4343739455942954,0,0,0
177,4688.5,1,0.19407428571428573,0.06611201884861406,0.26825794852210616,0,0,0
178,4689.0,1,0.12309642857142856,0.060759722228144984,0.2101721533846503,1,0,0
179,4689.5,1,0.09647214285714285,0.06638134740938162,0.19136323176742162,1,0,0
180,4690.0,1,0.06867000000000001,0.05881361029850748,0.21897242261324024,1,0,0
181,4690.5,0,0.05290571428571429,0.07234236805194805,0.18829133122104091,1,0,0
182,4691.0,0,0.04730642857142858,0.062422387164502116,0.22237737503407548,1,0,0
183,4691.5,0,0.106655,0.05598521106060607,0.23979158380235113,1,0,0
184,4692.0,0,0.329565,0.048780445303030336,0.3508071951762854,0,0,0
185,4692.5,0,0.519555,0.05012153530303035,0.4982729676451757,0,0,0
186,4693.0,0,0.5649935714285714,0.06296267041125536,0.5123915562703043,0,0,0
187,4693.5,0,0.4227592857142857,0.08689348028138524,0.4109153735552032,0,0,0
188,4694.0,0,0.30142571428571424,0.10361126380952382,0.4004905877446259,0,0,0
189,4694.5,0,0.25320571428571426,0.11150663774891766,0.4112563806727944,0,0,0
190,4695.0,0,0.24571571428571426,0.11718213865800864,0.3687087491194644,0,0,0
191,4695.5,0,0.21975071428571427,0.11508959638528134,0.36628591913326763,0,0,0
192,4696.0,0,0.21418714285714283,0.11554299536796536,0.3600022740463822,0,0,0
193,4696.5,0,0.20880285714285712,0.11487836735930733,0.379830068658183,0,0,0
194,4697.0,0,0.22085785714285713,0.11745831175324678,0.35197659503226764,0,0,0
195,4697.5,0,0.22085785714285713,0.11419922084415585,0.36343507742814624,0,0,0
196,4698.0,0,0.21704071428571428,0.11537741062770557,0.3710947903438536,0,0,0
197,4698.5,0,0.23929571428571425,0.1135349489610389,0.4040033695148988,0,0,0
198,4699.0,0,0.2679642857142857,0.10857522619047612,0.43651947488865833,0,0,0
199,4699.5,0,0.29207428571428573,0.10042602406926396,0.46848689438866464,0,0,0
200,4700.0,0,0.3134028571428571,0.09234666432900432,0.5182355497370722,0,0,0
201,4700.5,0,0.3476242857142857,0.08643168012987017,0.5511176603439749,0,0,0
202,4701.0,0,0.36431571428571424,0.08391837502164495,0.580775567506556,0,0,0
203,4701.5,0,0.35504285714285716,0.09001396493506493,0.5418122613929617,0,0,0
204,4702.0,0,0.29586214285714285,0.10019496582251079,0.48730984144175993,0,0,0
205,4702.5,0,0.29400714285714286,0.10499413051948053,0.43195501419344523,0,0,0
206,4703.0,0,0.35138142857142857,0.11294790913419916,0.32503601684936234,0,0,0
207,4703.5,1,0.4060928571428571,0.08548412057569299,0.32034039077530396,0,0,0
208,4704.0,1,0.38387642857142856,0.0719432484968017,0.36684732375772255,0,0,0
209,4704.5,1,0.29786214285714285,0.06542060308102343,0.3614207765337279,0,0,0
210,4705.0,1,0.210215,0.07494767022388059,0.27599946138600084,0,0,0
211,4705.5,1,0.1675192857142857,0.07310962056503204,0.2951068971654182,0,0,0
212,4706.0,1,0.14052071428571428,0.08227874779317697,0.28765039366443057,1,1,1
213,4706.5,1,0.15578357142857144,0.08032593389125794,0.32042585085379754,0,0,0
214,4707.0,0,0.15671142857142856,0.08703966640692633,0.36536771903213383,0,0,0
215,4707.5,0,0.200295,0.08508754196969698,0.39890791789665997,0,0,0
216,4708.0,0,0.2590692857142857,0.07620993270562773,0.46905210487277277,0,0,0
217,4708.5,0,0.3360364285714286,0.07046142322510815,0.5030126239206911,0,0,0
218,4709.0,0,0.34159999999999996,0.06711863030303028,0.44795652808262953,0,0,0
219,4709.5,0,0.3357364285714286,0.061998668679653625,0.4893102671542856,0,0,0
220,4710.0,0,0.37004714285714285,0.0531981947619048,0.7258152045657466,0,0,0
221,4710.5,0,0.5015671428571428,0.039183726883116866,1.0,0,0,0
222,4711.0,0,0.6193364285714286,0.04053020807359299,1.0,0,0,0
223,4711.5,0,0.650865,0.05646177560606058,0.8119607861633932,0,0,0
224,4712.0,0,0.5288514285714285,0.0862173154978354,0.5731165480348,0,0,0
225,4712.5,0,0.37399,0.10493357484848477,0.44343806993386026,0,0,0
226,4713.0,0,0.26456714285714283,0.11783339354978352,0.37956178212245195,0,0,0
227,4713.5,0,0.20684,0.11628474303030303,0.3556281124496324,0,0,0
228,4714.0,0,0.18736642857142854,0.11265584716450211,0.34187617222428646,0,0,0
229,4714.5,0,0.14929714285714288,0.11493418718614712,0.34836591942168177,1,1,1
230,4715.0,0,0.14651571428571428,0.11690099926406926,0.35439796380367644,1,1,1
231,4715.5,0,0.1443778571428571,0.11602038932900437,0.35726174197791727,1,1,1
232,4716.0,0,0.1666821428571429,0.11301801006493506,0.34976240729346836,0,0,0
233,4716.5,0,0.17410071428571428,0.11347302214285715,0.3461740885497023,0,0,0
234,4717.0,0,0.20498499999999997,0.11685208954545459,0.30218017243985856,0,0,0
235,4717.5,0,0.20684,0.11620443999999994,0.27228008108621937,0,0,0
236,4718.0,0,0.19658785714285715,0.1084491962987013,0.27035780332029963,0,0,0
237,4718.5,0,0.15627571428571427,0.09860079562770557,0.2838993374547274,0,0,0
238,4719.0,0,0.11450714285714285,0.09139144870129867,0.2927683081901941,1,1,1
239,4719.5,0,0.09230357142857143,0.08817072889610386,0.2981747657176914,1,1,1
240,4720.0,0,0.08346857142857143,0.08801404692640687,0.29267335680514256,1,1,1
241,4720.5,0,0.07979785714285716,0.08830809417748918,0.29200366401130323,1,1,1
242,4721.0,0,0.080725,0.08936309621212114,0.29643249927701637,1,1,1
243,4721.5,0,0.09741714285714287,0.09020425870129872,0.2990410328047853,1,1,1
244,4722.0,0,0.11128214285714289,0.09268236764069258,0.30177834001064957,1,1,1
245,4722.5,0,0.14281071428571426,0.09292757153679651,0.33936290369061317,1,1,1
246,4723.0,0,0.17619357142857142,0.09509641586580078,0.3898167104007427,0,0,0
247,4723.5,0,0.22538642857142857,0.09530106110389604,0.42061497341789106,0,0,0
248,4724.0,0,0.2513507142857143,0.09843156002164505,0.4158187454528681,0,0,0
249,4724.5,0,0.2625842857142857,0.09733437346320342,0.454094479603797,0,0,0
250,4725.0,0,0.2701057142857143,0.09709029532467536,0.49552301817449207,0,0,0
251,4725.5,0,0.273815,0.10318295287878791,0.46612176353567136,0,0,0
252,4726.0,0,0.27649142857142855,0.1025366767099567,0.4776252143801008,0,0,0
253,4726.5,0,0.2940078571428571,0.09647738599567106,0.4718150741914376,0,0,0
254,4727.0,0,0.34964642857142864,0.0834749029220779,0.5530733401462039,0,0,0
255,4727.5,0,0.3917364285714286,0.0791764868614718,0.5971379726667226,0,0,0
256,4728.0,0,0.4149192857142857,0.07919197967532468,0.5955842902638949,0,0,0
257,4728.5,0,0.3888628571428571,0.08894425160173156,0.5053519960037399,0,0,0
258,4729.0,0,0.3529107142857143,0.09715848971861468,0.433287537021066,0,0,0
259,4729.5,0,0.3084,0.10566924848484849,0.42546822214268776,0,0,0
260,4730.0,0,0.2593442857142857,0.10934965467532472,0.3484998839436293,0,0,0
261,4730.5,0,0.24293428571428574,0.10137773861471855,0.31847263003245,0,0,0
262,4731.0,0,0.20951714285714285,0.10003535870129875,0.32903620688400537,0,0,0
263,4731.5,0,0.21063285714285712,0.10087283675324671,0.34790667334314324,0,0,0
264,4732.0,0,0.19326214285714285,0.10847836582251077,0.33476095930324845,0,0,0
265,4732.5,0,0.2164792857142857,0.11102800028138517,0.3308199900361085,0,0,0
266,4733.0,0,0.2172171428571429,0.10943090718614712,0.33813936388858695,0,0,0
267,4733.5,0,0.25969714285714285,0.10311573870129867,0.32139703110486684,0,0,0
268,4734.0,0,0.28288,0.09801759515151505,0.3295770361255139,0,0,0
269,4734.5,0,0.29486357142857145,0.09659623435064939,0.33743454974901965,0,0,0
270,4735.0,0,0.23829714285714287,0.10202864173160163,0.30496136376661714,0,0,0
271,4735.5,0,0.17987642857142855,0.10167983292207795,0.2830648042603421,0,0,0
272,4736.0,0,0.14934642857142855,0.09478033019480517,0.3045209158992383,1,1,1
273,4736.5,0,0.13729142857142854,0.08888674943722943,0.3330484639963571,1,1,1
274,4737.0,0,0.1224142857142857,0.08648563073593066,0.34436282691148407,1,1,1
275,4737.5,0,0.10015857142857144,0.08783574601731606,0.32688270354806526,1,1,1
276,4738.0,0,0.09181285714285714,0.08540148948051945,0.3275898821089018,1,1,1
277,4738.5,0,0.10746714285714286,0.08149971779220773,0.3494734839853615,1,1,1
278,4739.0,0,0.14363285714285717,0.0788909882683982,0.409577619984772,1,0,0
279,4739.5,0,0.17794285714285712,0.08430422857142852,0.4277242144980334,0,0,0
280,4740.0,0,0.19756714285714283,0.09246215112554117,0.3731474060902224,0,0,0
281,4740.5,0,0.19478499999999999,0.09936085924242428,0.34261486374823147,0,0,0
282,4741.0,0,0.18730999999999998,0.09890593727272728,0.3936479787137195,0,0,0
283,4741.5,0,0.18360071428571426,0.09829206759740258,0.40804870848618646,0,0,0
284,4742.0,0,0.19287357142857142,0.09434193222943724,0.42047915490977084,0,0,0
285,4742.5,0,0.2698971428571429,0.08314939324675324,0.4628662963449694,0,0,0
286,4743.0,0,0.3728292857142857,0.07028130482683978,0.5942666774840043,0,0,0
287,4743.5,0,0.4460871428571429,0.06402801658008656,0.5661426628600206,0,0,0
288,4744.0,0,0.3844635714285714,0.07234801616883121,0.47178578828550477,0,0,0
289,4744.5,0,0.31107785714285713,0.08126675599567094,0.3977951974195802,0,0,0
290,4745.0,0,0.23826,0.08777662969696973,0.3748490160753962,0,0,0
291,4745.5,0,0.221085,0.0901441592424242,0.38334774511351555,0,0,0
292,4746.0,0,0.1896842857142857,0.0902319886147186,0.3687145370806913,0,0,0
293,4746.5,0,0.16471857142857144,0.092979009047619,0.36903969435038614,0,0,0
294,4747.0,0,0.15820357142857142,0.0962224773809523,0.36215881040972886,0,0,0
295,4747.5,0,0.12570928571428572,0.10326435452380953,0.33367802366476684,1,1,1
296,4748.0,0,0.11870642857142855,0.10788675686147188,0.3113244865157046,1,1,1
297,4748.5,0,0.09332428571428572,0.1124625013419913,0.3009969305861293,1,1,1
298,4749.0,0,0.096145,0.11503534651515156,0.29631194786756876,1,1,1
299,4749.5,0,0.0942907142857143,0.11757837274891778,0.2864256143799126,1,1,1
300,4750.0,0,0.0844342857142857,0.12388454164502158,0.26984564971618136,1,1,1
301,4750.5,0,0.08283071428571429,0.13209114911255412,0.25034881109706547,1,1,1
302,4751.0,0,0.06344928571428571,0.13866281573593073,0.2314877888464103,1,1,1
303,4751.5,0,0.07072214285714286,0.13705795309523805,0.2304520403148398,1,1,1
304,4752.0,0,0.08159928571428571,0.13264355664502156,0.2379558470373646,1,1,1
305,4752.5,0,0.08981357142857142,0.13183001768398261,0.23873824436609145,1,1,1
306,4753.0,0,0.11870499999999998,0.13214297318181809,0.2362058998965823,1,1,1
307,4753.5,0,0.13076,0.1356729175757576,0.2298350167067522,1,1,1
308,4754.0,0,0.16511071428571428,0.13040899274891768,0.2382753076532551,0,0,0
309,4754.5,0,0.17438428571428574,0.12832544619047612,0.2394520317735864,0,0,0
310,4755.0,0,0.15583785714285717,0.13012124932900426,0.2423300739936962,0,0,0
311,4755.5,0,0.12426714285714284,0.12827154809523805,0.248002127672688,1,1,1
312,4756.0,0,0.08441285714285714,0.13134596826839828,0.23995596383099457,1,1,1
313,4756.5,0,0.07341571428571428,0.12934314168831165,0.23954106512168805,1,1,1
314,4757.0,0,0.04589357142857143,0.13402941889610392,0.2436473698490466,1,1,1
315,4757.5,0,0.029182142857142854,0.1316842979437229,0.2636758626385539,1,1,1
316,4758.0,0,0.017923571428571428,0.13145542162337664,0.2681555377074401,1,1,1
317,4758.5,0,0.02415928571428572,0.12932724391774894,0.2782249715577097,1,1,1
318,4759.0,0,0.03896285714285713,0.13082123038961035,0.28146866284064775,1,1,1
319,4759.5,0,0.037107857142857144,0.12916281932900425,0.2831130632980094,1,1,1
320,4760.0,0,0.035177142857142865,0.12521872173160167,0.30937232512413465,1,1,1
321,4760.5,0,0.029646428571428577,0.12445793322510819,0.32746324241802843,1,1,1
322,4761.0,0,0.036137857142857145,0.12315491296536792,0.3323967129336601,1,1,1
323,4761.5,0,0.05476071428571428,0.12070229426406927,0.33590901416828517,1,1,1
324,4762.0,0,0.08628928571428572,0.1153596193722943,0.3628401354410509,1,1,1
325,4762.5,0,0.12338142857142859,0.10878627277056276,0.3900739773860418,1,1,1
326,4763.0,0,0.20860642857142858,0.09297705080086584,0.40234194705368226,0,0,0
327,4763.5,0,0.3106107142857143,0.07847222002164503,0.5475873585356371,0,0,0
328,4764.0,0,0.45156285714285715,0.058376618268398205,0.8134970046074206,0,0,0
329,4764.5,0,0.5564371428571429,0.05328319991341984,0.656987263742301,0,0,0
330,4765.0,0,0.5534185714285714,0.054031921168831175,0.7939779814859258,0,0,0
331,4765.5,0,0.4820157142857143,0.05209816593073591,0.7629709483951908,0,0,0
332,4766.0,1,0.39763,0.03625477925373134,0.7580219839060838,0,0,0
333,4766.5,1,0.3468642857142858,0.03566043571428567,0.7379326597535582,0,0,0
334,4767.0,1,0.2642878571428572,0.03731460662046912,0.7433131194584254,0,0,0
335,4767.5,1,0.19010214285714286,0.038978395319829405,0.6976794218688029,0,0,0
336,4768.0,1,0.15857357142857142,0.052415395533049074,0.4860195187249746,0,0,0
337,4768.5,1,0.1966392857142857,0.043917039072494654,0.6053294285838614,0,0,0
338,4769.0,1,0.20158571428571428,0.052886297867803814,0.5900038747803781,0,0,0
339,4769.5,0,0.1848942857142857,0.07400864406926397,0.3939258636152724,0,0,0
340,4770.0,0,0.16449357142857143,0.0719186855627706,0.43969938655924634,0,0,0
341,4770.5,0,0.17987928571428574,0.0693431578571428,0.33868683367005353,0,0,0
342,4771.0,0,0.25325214285714287,0.061160667943722866,0.374445210936026,0,0,0
343,4771.5,0,0.29621071428571427,0.056808486688311705,0.47742086841799164,0,0,0
344,4772.0,0,0.2712421428571429,0.05973006097402591,0.5494245357376755,0,0,0
345,4772.5,0,0.19416,0.06426534787878785,0.5498614225561915,0,0,0
346,4773.0,0,0.108545,0.0713564737878788,0.46709152290556977,1,0,0
347,4773.5,0,0.07680428571428573,0.07289651467532471,0.46408251133402956,1,0,0
348,4774.0,0,0.055376428571428576,0.07972609049783552,0.4377099490218085,1,0,0
349,4774.5,0,0.05834499999999999,0.08567978893939397,0.4279240219966621,1,1,1
350,4775.0,0,0.0835942857142857,0.09075791982683976,0.42458282284647214,1,1,1
351,4775.5,0,0.08740357142857143,0.09682604101731594,0.4195739758330446,1,1,1
352,4776.0,0,0.09370785714285713,0.10190554054112552,0.3894020569451694,1,1,1
353,4776.5,0,0.08350714285714285,0.10879166082251077,0.36508762639532333,1,1,1
354,4777.0,0,0.08907142857142857,0.10787454761904756,0.364244935027087,1,1,1
355,4777.5,0,0.10200928571428573,0.10542947270562776,0.34830558572417897,1,1,1
356,4778.0,0,0.10479142857142858,0.10127167367965366,0.35587148897211,1,1,1
357,4778.5,0,0.09459071428571428,0.10309264244588745,0.346924539333921,1,1,1
358,4779.0,0,0.0844342857142857,0.10034211740259738,0.3672305104333031,1,1,1
359,4779.5,0,0.06867000000000001,0.10066951545454543,0.38515178442991727,1,1,1
360,4780.0,0,0.07605071428571428,0.10113016911255403,0.4045552089083296,1,1,1
361,4780.5,0,0.07697785714285715,0.10406092872294367,0.42188166035127195,1,1,1
362,4781.0,0,0.0881057142857143,0.10370253774891769,0.43056410562401254,1,1,1
363,4781.5,0,0.08165285714285714,0.10500892948051951,0.44330613686317244,1,1,1
364,4782.0,0,0.05939714285714286,0.10845601445887444,0.4242175433910458,1,1,1
365,4782.5,0,0.038996428571428564,0.1132402983766233,0.4298755758768421,1,1,1
366,4783.0,0,0.05193714285714286,0.11355097264069264,0.45504793111008934,1,1,1
367,4783.5,0,0.06955571428571429,0.11814266956709955,0.4416982548124729,1,1,1
368,4784.0,0,0.05868357142857142,0.12088379374458877,0.4412477168462299,1,1,1
369,4784.5,0,0.026269285714285724,0.12655785997835492,0.43558998218253303,1,1,1
370,4785.0,0,0.022497142857142854,0.12639326597402598,0.43847023472032876,1,1,1
371,4785.5,0,0.039714999999999986,0.12607864075757574,0.45307303231366075,1,1,1
372,4786.0,0,0.04806071428571429,0.1260068366883117,0.47045270640250303,1,1,1
373,4786.5,0,0.047196428571428584,0.12379952867965362,0.4955822735347711,1,1,1
374,4787.0,0,0.03341357142857144,0.12646246616883122,0.49758569800789243,1,1,1
375,4787.5,0,0.025067857142857138,0.13039033084415577,0.48539998137404705,1,1,1
376,4788.0,0,0.007970714285714284,0.13353270729437233,0.4704776830289663,1,1,1
377,4788.5,0,0.003352142857142861,0.12723310127705623,0.4801819566494781,1,1,1
378,4789.0,0,0.011697857142857135,0.1192870547835498,0.49787348799076897,1,1,1
379,4789.5,0,0.025054999999999997,0.1169356716666666,0.5406544364948783,1,1,1
380,4790.0,0,0.03618285714285714,0.11467273523809528,0.571336876129047,1,1,1
381,4790.5,0,0.03618285714285714,0.11705455341991333,0.5663872384163086,1,1,1
382,4791.0,0,0.05012357142857142,0.11824410647186148,0.5963644642386104,1,1,1
383,4791.5,0,0.06310642857142858,0.12457442958874453,0.6140474663411679,1,1,1
384,4792.0,0,0.08258,0.12387756787878793,0.578235075940058,1,1,1
385,4792.5,0,0.06678500000000001,0.12701285924242428,0.5440190725190203,1,1,1
386,4793.0,0,0.04991142857142857,0.1254945027705627,0.5467682773743989,1,1,1
387,4793.5,0,0.025776428571428565,0.1274252177705628,0.5199371656420427,1,1,1
388,4794.0,0,0.032297857142857135,0.12194923054112558,0.5374267636778916,1,1,1
389,4794.5,0,0.05751714285714285,0.11575487385281383,0.605425159729981,1,1,1
390,4795.0,0,0.08536214285714287,0.11053340521645022,0.7802158725542016,1,1,1
391,4795.5,0,0.08907142857142857,0.11325182034632031,0.6529231920525678,1,1,1
392,4796.0,0,0.06215071428571429,0.12011345093073592,0.5514635319475152,1,1,1
393,4796.5,0,0.04453214285714286,0.12202326915584416,0.5322858094769713,1,1,1
394,4797.0,0,0.03618571428571428,0.11901939350649349,0.5443916987865389,1,1,1
395,4797.5,0,0.04044214285714285,0.11250241248917749,0.6032809294168014,1,1,1
396,4798.0,0,0.05435214285714286,0.10771046491341982,0.6218164115204715,1,1,1
397,4798.5,0,0.042297142857142866,0.10520021748917747,0.5904238351905049,1,1,1
398,4799.0,0,0.035287142857142864,0.10524006506493498,0.5731627871218841,1,1,1
399,4799.5,0,0.022304285714285704,0.1036779237662337,0.5755825594748843,1,1,1
400,4800.0,0,0.06491214285714286,0.09980184915584409,0.6234802321529689,1,1,1
401,4800.5,0,0.10756857142857146,0.09909017722943725,0.677303282172072,1,1,1
402,4801.0,0,0.13909714285714284,0.10161871445887444,0.6501726642778796,1,1,1
403,4801.5,0,0.12152714285714288,0.10823232930735933,0.6052724402472093,1,1,1
404,4802.0,0,0.0807157142857143,0.10837774471861472,0.6057625506381242,1,1,1
405,4802.5,0,0.046405,0.11184488530303029,0.6048411538041618,1,1,1
406,4803.0,0,0.038112857142857136,0.1142744864502164,0.6167957759912336,1,1,1
407,4803.5,0,0.036125000000000004,0.12048055681818184,0.6022949198263221,1,1,1
408,4804.0,0,0.033266428571428565,0.1261466865584415,0.589495943797725,1,1,1
409,4804.5,0,0.023012142857142846,0.12870228248917742,0.5897830223636392,1,1,1
410,4805.0,0,0.03239642857142856,0.12949000140692643,0.5918443053136139,1,1,1
411,4805.5,0,0.022272857142857153,0.12941771311688308,0.6012523019491659,1,1,1
412,4806.0,0,0.025054285714285713,0.12872665861471858,0.6140962549569579,1,1,1
413,4806.5,0,0.01395857142857143,0.12927093995670993,0.6207542905944885,1,1,1
414,4807.0,0,0.01395857142857143,0.12939518238095238,0.6278649041859803,1,1,1
415,4807.5,0,0.008367857142857156,0.130333358116883,0.6257319751153178,1,1,1
416,4808.0,0,0.009509285714285706,0.13121803331168833,0.624634955656332,1,1,1
417,4808.5,0,0.022461428571428577,0.13406988610389606,0.629004074051663,1,1,1
418,4809.0,0,0.026364285714285708,0.1383853837662338,0.6252567764727954,1,1,1
419,4809.5,0,0.03839214285714286,0.139441014004329,0.6233607432764037,1,1,1
420,4810.0,0,0.03935,0.13833054696969696,0.6347729175101551,1,1,1
421,4810.5,0,0.04567428571428572,0.136483624069264,0.6247101564053951,1,1,1
422,4811.0,0,0.041777857142857144,0.1315371226623377,0.6448429183606901,1,1,1
423,4811.5,0,0.05779357142857144,0.12953080374458864,0.6874517341679234,1,1,1
424,4812.0,0,0.10045,0.12815094999999996,0.7669551981454866,1,1,1
425,4812.5,0,0.20236428571428575,0.1208756261904762,0.7841964062926813,0,0,0
426,4813.0,0,0.3656085714285714,0.09683199904761902,0.925363885686511,0,0,0
427,4813.5,0,0.7846478571428571,0.03664914114718615,1.0,0,0,0
428,4814.0,0,0.9609271428571429,0.011774092943722864,1.0,0,0,0
429,4814.5,0,0.9940228571428571,0.017551508571428592,1.0,0,0,0
430,4815.0,1,0.6890428571428571,0.026669085501066114,1.0,0,0,0
431,4815.5,1,0.5924671428571429,0.042898737931769675,0.7635616257234836,0,0,0
432,4816.0,1,0.548625,0.0473383638059701,0.6919689893657291,0,0,0
433,4816.5,0,0.43450785714285717,0.09650682538961036,0.3664712341670435,0,0,0
434,4817.0,0,0.2853464285714286,0.10466845140692638,0.48748792648528155,0,0,0
435,4817.5,0,0.15021642857142856,0.10174307595238097,0.5519872944106274,0,0,0
436,4818.0,0,0.11906214285714287,0.09582525673160174,0.5873647323908955,1,1,1
437,4818.5,0,0.08197,0.0990970881818182,0.5719776776921054,1,1,1
438,4819.0,0,0.06249642857142858,0.0981697074675324,0.5711191443836235,1,1,1
439,4819.5,0,0.06403357142857143,0.09124912859307359,0.569202106470366,1,1,1
440,4820.0,0,0.1009757142857143,0.08284819259740255,0.6038512446828944,1,1,1
441,4820.5,0,0.13864642857142856,0.08713450898268392,0.6225628874911944,1,1,1
442,4821.0,0,0.1544107142857143,0.09126771699134194,0.6395226295303112,0,0,0
443,4821.5,0,0.14321928571428572,0.0917981887662338,0.6038961006382578,1,1,1
444,4822.0,0,0.10554857142857144,0.0914618723809524,0.5796071314256931,1,1,1
445,4822.5,0,0.07494714285714285,0.08930197354978357,0.5923812611263372,1,1,1
446,4823.0,0,0.05105142857142858,0.09010963670995674,0.5600720007686167,1,1,1
447,4823.5,0,0.04712999999999999,0.0870749512121212,0.5567590034277545,1,1,1
448,4824.0,0,0.09484785714285715,0.08743885629870125,0.6622584451019139,1,1,1
449,4824.5,0,0.1566835714285714,0.09472603616883118,0.7953367040435014,0,0,0
450,4825.0,0,0.1642728571428571,0.11533062220779222,0.7423720296064763,0,0,0
451,4825.5,0,0.1410892857142857,0.13285611634199132,0.6501522899245222,1,1,1
452,4826.0,0,0.13168428571428573,0.138208534069264,0.6257905371262868,1,1,1
453,4826.5,0,0.13959071428571432,0.12982703638528134,0.6397724401568782,1,1,1
454,4827.0,0,0.16791428571428574,0.11891249437229431,0.6550852620761949,0,0,0
455,4827.5,0,0.17946785714285715,0.10538648841991342,0.8005536115975677,0,0,0
456,4828.0,0,0.2124035714285714,0.08348588950216453,0.8258563253892999,0,0,0
457,4828.5,0,0.21147642857142854,0.06186270564935056,0.986289520726811,0,0,0
458,4829.0,0,0.1724857142857143,0.05574451168831171,0.886285188471357,0,0,0
459,4829.5,0,0.19381357142857142,0.0493531085930736,0.936521586241436,0,0,0
460,4830.0,0,0.3375471428571429,0.028037664458874387,1.0,0,0,0
461,4830.5,0,0.5202721428571428,0.010810033398268394,1.0,0,0,0
462,4831.0,0,0.7743557142857144,0.0036315907792207613,1.0,0,0,0
463,4831.5,0,0.8847064285714286,0.02209427201298693,1.0,0,0,0
464,4832.0,0,0.9892857142857143,0.025281493506493433,1.0,0,0,0
465,4832.5,0,0.9698121428571428,0.029323809761904754,1.0,0,0,0
466,4833.0,0,0.9306792857142856,0.03824989725108219,0.7915328233353932,0,0,0
467,4833.5,0,0.8733928571428572,0.032591087662337634,0.9374724202192937,0,0,0
468,4834.0,0,0.8455735714285715,0.02366884435064938,1.0,0,0,0
469,4834.5,0,0.8559592857142858,0.026079225735930647,1.0,0,0,0
470,4835.0,0,0.8272128571428571,0.025697434935064906,1.0,0,0,0
471,4835.5,0,0.7324857142857143,0.012127238961038914,1.0,0,0,0
472,4836.0,1,0.6279064285714285,0.02049920386993606,1.0,0,0,0
473,4836.5,1,0.6064314285714286,0.022117019914712155,1.0,0,0,0
474,4837.0,0,0.6612835714285714,0.0038913028354977813,1.0,0,0,0
475,4837.5,0,0.7797728571428572,0.01189869796536791,1.0,0,0,0
476,4838.0,0,0.8494685714285715,0.021000349956709893,1.0,0,0,0
477,4838.5,0,0.7409728571428571,0.04137941311688309,0.8422946620793418,0,0,0
478,4839.0,0,0.5369635714285714,0.057087637380952315,0.4656993438015235,0,0,0
479,4839.5,0,0.42556285714285713,0.06211061826839822,0.5385902761622797,0,0,0
480,4840.0,0,0.462655,0.05560696863636364,0.616176830903569,0,0,0
481,4840.5,0,0.6323535714285714,0.035903763744588715,0.9463182577432805,0,0,0
482,4841.0,0,0.7409728571428571,0.028735473722943758,1.0,0,0,0
483,4841.5,0,0.7901199999999999,0.010519344242424247,1.0,0,0,0
484,4842.0,0,0.7342299999999999,0.007955293636363617,1.0,0,0,0
485,4842.5,0,0.7338742857142857,0.0052531574025973665,1.0,0,0,0
486,4843.0,0,0.8164635714285714,0.0076842585930734925,1.0,0,0,0
487,4843.5,0,0.9437571428571429,0.018156229004328964,1.0,0,0,0
488,4844.0,0,0.9960421428571428,0.033252618549783564,1.0,0,0,0
489,4844.5,0,0.9340578571428572,0.04658011781385278,0.9289192788442984,0,0,0
490,4845.0,0,0.7523042857142856,0.046968529826839855,1.0,0,0,0
491,4845.5,0,0.52337,0.0512920639393939,1.0,0,0,0
492,4846.0,0,0.32373714285714283,0.06047477264069259,1.0,0,0,0
493,4846.5,0,0.18742214285714287,0.07107553188311685,1.0,0,0,0
494,4847.0,0,0.09365142857142857,0.08393138822510818,1.0,1,1,0
495,4847.5,0,0.053833571428571425,0.08910032253246748,1.0,1,1,0
496,4848.0,0,0.05939714285714286,0.0887560144588744,0.9919622519409037,1,1,0
497,4848.5,0,0.07423428571428572,0.08529331134199135,0.8985456552503424,1,1,0
498,4849.0,0,0.10276428571428571,0.082989601948052,0.988659998997519,1,1,0
499,4849.5,0,0.10925571428571429,0.08381385441558435,0.955876027021312,1,1,0
500,4850.0,0,0.13331357142857142,0.08100518435064936,0.9891819846768051,1,1,0
501,4850.5,0,0.13723928571428573,0.07686970573593079,1.0,1,0,0
502,4851.0,0,0.13723928571428573,0.07627728149350652,1.0,1,0,0
503,4851.5,0,0.10483571428571428,0.07585321017316016,1.0,1,0,0
504,4852.0,0,0.05661500000000001,0.07474411651515149,1.0,1,0,0
505,4852.5,0,0.040815714285714295,0.071099571991342,1.0,1,0,0
506,4853.0,0,0.026324285714285724,0.0725064104329004,1.0,1,0,0
507,4853.5,0,0.04576214285714286,0.07698010824675319,1.0,1,0,0
508,4854.0,0,0.06039428571428573,0.08177762891774894,1.0,1,1,0
509,4854.5,0,0.09431428571428573,0.08387883376623369,1.0,1,1,0
510,4855.0,0,0.13237,0.07950197303030307,1.0,1,0,0
511,4855.5,0,0.19611071428571428,0.07534211396103901,1.0,0,0,0
512,4856.0,0,0.26098571428571427,0.07447528441558442,1.0,0,0,0
513,4856.5,0,0.2857328571428572,0.07727936099567102,1.0,0,0,0
514,4857.0,0,0.23609,0.08878437181818175,1.0,0,0,0
515,4857.5,0,0.18467,0.09707097000000003,0.9751000456437319,0,0,0
516,4858.0,0,0.14318285714285714,0.09978549281385282,0.9615843223064646,1,1,0
517,4858.5,0,0.1654907142857143,0.0912963606277056,1.0,0,0,0
518,4859.0,0,0.2309021428571429,0.08069530279220773,1.0,0,0,0
519,4859.5,0,0.2714614285714286,0.08210918913419908,1.0,0,0,0
520,4860.0,0,0.23759857142857146,0.09618357389610387,1.0,0,0,0
521,4860.5,0,0.1411578571428571,0.11097894508658003,1.0,1,1,0
522,4861.0,0,0.0904457142857143,0.11553838683982676,1.0,1,1,0
523,4861.5,0,0.080115,0.1147523134848485,1.0,1,1,0
524,4862.0,0,0.08197,0.1176425427272727,1.0,1,1,0
525,4862.5,0,0.07455142857142857,0.1192738942857143,1.0,1,1,0
526,4863.0,0,0.05388999999999999,0.12541538393939394,1.0,1,1,0
527,4863.5,0,0.05718785714285714,0.12679076599567093,1.0,1,1,0
528,4864.0,0,0.05904285714285713,0.12939463160173165,1.0,1,1,0
529,4864.5,0,0.06918642857142857,0.126555648982684,1.0,1,1,0
530,4865.0,0,0.07435214285714287,0.1289289497619047,1.0,1,1,0
531,4865.5,0,0.06507928571428571,0.13133817603896095,1.0,1,1,0
532,4866.0,0,0.07342499999999999,0.13881940227272727,0.9841109733707734,1,1,0
533,4866.5,0,0.05276357142857143,0.1437639222294372,0.955045967784918,1,1,0
534,4867.0,0,0.06018142857142857,0.15140992125541128,0.9064472908441654,1,1,0
535,4867.5,0,0.043413571428571426,0.15713307222943718,0.8732952918909374,1,1,0
536,4868.0,0,0.05190214285714286,0.15750933309523812,0.8723542934708818,1,1,0
537,4868.5,0,0.05004785714285713,0.1557402381168831,0.8861821181142797,1,1,0
538,4869.0,0,0.07511857142857144,0.1536832878354978,0.8988142605727861,1,1,0
539,4869.5,0,0.07957714285714285,0.1543685156709956,0.885042857908481,1,1,0
540,4870.0,0,0.09737785714285714,0.15040096508658002,0.9180101409445056,1,1,0
541,4870.5,0,0.10502142857142857,0.14564660367965368,0.9543499967817025,1,1,0
542,4871.0,0,0.12281857142857144,0.14398247268398262,0.9824090744461802,1,1,0
543,4871.5,0,0.10687214285714286,0.14590093642857144,0.9661019640084895,1,1,0
544,4872.0,0,0.10942357142857141,0.14980313374458867,0.9434228370817698,1,1,0
545,4872.5,0,0.10627,0.1481332366666666,0.9582760248209126,1,1,0
546,4873.0,0,0.10437857142857143,0.14731364480519477,0.9871731542193366,1,1,0
547,4873.5,0,0.10100928571428572,0.1459566545238095,0.9936041094849997,1,1,0
548,4874.0,0,0.11894499999999998,0.14416378287878784,1.0,1,1,0
549,4874.5,0,0.13338071428571427,0.14837210820346314,0.9822025719873752,1,1,0
550,4875.0,0,0.12377499999999998,0.15203125227272726,0.9598936387434963,1,1,0
551,4875.5,0,0.10928500000000001,0.15423490469696974,0.9397476782237862,1,1,0
552,4876.0,0,0.09855571428571427,0.1509665180519481,0.9597668824944469,1,1,0
553,4876.5,0,0.10694285714285716,0.15045231948051946,0.9726443048839258,1,1,0
554,4877.0,0,0.1137864285714286,0.1490821277705627,0.9932041598788721,1,1,0
555,4877.5,0,0.10362500000000001,0.14879275378787876,0.9902189566805378,1,1,0
556,4878.0,0,0.08327857142857142,0.14311051450216444,1.0,1,1,0
557,4878.5,0,0.089125,0.1371823446969697,1.0,1,1,0
558,4879.0,0,0.13499499999999998,0.133985545,1.0,1,1,0
559,4879.5,0,0.17105142857142858,0.13628721246753245,1.0,0,0,0
560,4880.0,0,0.17847,0.1380710124242424,1.0,0,0,0
561,4880.5,0,0.14914428571428573,0.14133418194805186,1.0,1,1,0
562,4881.0,0,0.12045214285714287,0.14317071642857138,1.0,1,1,0
563,4881.5,0,0.07501357142857142,0.14889018738095242,1.0,1,1,0
564,4882.0,0,0.06898785714285714,0.147154565995671,1.0,1,1,0
565,4882.5,0,0.05878714285714286,0.149748262034632,1.0,1,1,0
566,4883.0,0,0.06857642857142857,0.1518569874675325,0.9903626271420911,1,1,0
567,4883.5,0,0.07567785714285713,0.15345868932900433,0.9843921315400598,1,1,0
568,4884.0,0,0.08773285714285713,0.151211360995671,0.9972595232371738,1,1,0
569,4884.5,0,0.098925,0.1464277810606061,1.0,1,1,0
570,4885.0,0,0.0926842857142857,0.14381862497835501,1.0,1,1,0
571,4885.5,0,0.08619285714285714,0.1389519482683983,1.0,1,1,0
572,4886.0,0,0.07077571428571429,0.1410809016883117,1.0,1,1,0
573,4886.5,0,0.06388857142857145,0.1425937214718615,1.0,1,1,0
574,4887.0,0,0.074935,0.1434639031818182,1.0,1,1,0
575,4887.5,0,0.08206071428571428,0.14106750335497836,1.0,1,1,0
576,4888.0,0,0.0949742857142857,0.14506901497835498,1.0,1,1,0
577,4888.5,0,0.08114571428571428,0.14939148077922074,1.0,1,1,0
578,4889.0,0,0.086855,0.14964189590909088,0.9955713531912872,1,1,0
579,4889.5,0,0.10097857142857143,0.14904636601731602,1.0,1,1,0
580,4890.0,0,0.11488857142857145,0.14751653965367958,1.0,1,1,0
581,4890.5,0,0.11488857142857145,0.14471956995670995,1.0,1,1,0
582,4891.0,0,0.10654214285714286,0.14486417915584418,1.0,1,1,0
583,4891.5,0,0.11020714285714288,0.14286469415584407,1.0,1,1,0
584,4892.0,0,0.12661285714285714,0.1419431379653679,1.0,1,1,0
585,4892.5,0,0.11637214285714284,0.14525937582251075,1.0,1,1,0
586,4893.0,0,0.12386214285714285,0.14342478400432895,1.0,1,1,0
587,4893.5,0,0.11312285714285716,0.14392869948051942,1.0,1,1,0
588,4894.0,0,0.1233635714285714,0.1440245828354978,1.0,1,1,0
589,4894.5,0,0.10524,0.1485727793939394,1.0,1,1,0
590,4895.0,0,0.10899500000000002,0.14906651469696974,1.0,1,1,0
591,4895.5,0,0.10666071428571429,0.1466467094155844,1.0,1,1,0
592,4896.0,0,0.1182657142857143,0.1455438856277056,1.0,1,1,0
593,4896.5,0,0.11142714285714288,0.14464838082251083,1.0,1,1,0
594,4897.0,0,0.11561642857142859,0.14622508201298698,1.0,1,1,0
595,4897.5,0,0.1174707142857143,0.14724266183982687,1.0,1,1,0
596,4898.0,0,0.10627928571428573,0.1509640427056277,0.992082541783395,1,1,0
597,4898.5,0,0.10906142857142857,0.1490062436796536,1.0,1,1,0
598,4899.0,0,0.10765428571428569,0.1483414404329004,1.0,1,1,0
599,4899.5,0,0.12197500000000001,0.14551078560606054,1.0,1,1,0
600,4900.0,0,0.10983857142857144,0.1481745654112554,1.0,1,1,0
601,4900.5,0,0.08806285714285715,0.14785266372294364,1.0,1,1,0
602,4901.0,0,0.08751642857142858,0.14803040625541125,1.0,1,1,0
603,4901.5,0,0.09130714285714286,0.14763691536796542,0.9870345899493753,1,1,0
604,4902.0,0,0.10189071428571429,0.14420754850649348,0.9984539261077506,1,1,0
605,4902.5,0,0.08296357142857141,0.14073272829004332,1.0,1,1,0
606,4903.0,0,0.07314714285714286,0.1385981735497835,1.0,1,1,0
607,4903.5,0,0.0838907142857143,0.1372892454761905,1.0,1,1,0
608,4904.0,0,0.0876,0.14063038787878787,1.0,1,1,0
609,4904.5,0,0.09185285714285715,0.13867440220779212,0.9973243939313464,1,1,0
610,4905.0,0,0.09278071428571429,0.13882478093073597,0.972305093482205,1,1,0
611,4905.5,0,0.10541571428571428,0.134379384112554,0.9708735199224765,1,1,0
612,4906.0,0,0.10819785714285715,0.1300155244805194,1.0,1,1,0
613,4906.5,0,0.10073857142857143,0.12770888965367969,1.0,1,1,0
614,4907.0,0,0.09302714285714286,0.12436155658008652,1.0,1,1,0
615,4907.5,0,0.09113071428571427,0.123095540021645,1.0,1,1,0
616,4908.0,0,0.0920992857142857,0.1231263293722944,1.0,1,1,0
617,4908.5,0,0.104115,0.1276347983333333,1.0,1,1,0
618,4909.0,0,0.11806642857142857,0.13247924413419918,1.0,1,1,0
619,4909.5,0,0.11435714285714284,0.1341896168831168,1.0,1,1,0
620,4910.0,0,0.11521785714285712,0.13666701114718618,1.0,1,1,0
621,4910.5,0,0.09203499999999999,0.14156666984848487,0.9648614986840158,1,1,0
622,4911.0,0,0.09917285714285715,0.1422719767532467,0.9587064557327801,1,1,0
623,4911.5,0,0.08322714285714287,0.1418964232467532,0.9653274270728995,1,1,0
624,4912.0,0,0.0933457142857143,0.13811925653679658,0.9797057185296364,1,1,0
625,4912.5,0,0.08157142857142859,0.1380026536796537,0.9601751924131692,1,1,0
626,4913.0,0,0.07229857142857143,0.1413891526839826,0.9299944262823882,1,1,0
627,4913.5,0,0.055687857142857136,0.14621790235930737,0.9152992072589944,1,1,0
628,4914.0,0,0.05454928571428572,0.14463443088744588,0.9257025140874696,1,1,0
629,4914.5,0,0.050839999999999996,0.14139177333333328,0.9400019568276202,1,1,0
630,4915.0,0,0.0519542857142857,0.1391491040692641,0.9509074975384154,1,1,0
631,4915.5,0,0.04103785714285715,0.13583141902597398,0.96287446299176,1,1,0
632,4916.0,0,0.02778214285714287,0.1318490191558441,0.9557181003864246,1,1,0
633,4916.5,0,0.027595714285714276,0.12787994593073596,0.9806515342871386,1,1,0
634,4917.0,0,0.03408642857142856,0.12424670049783548,1.0,1,1,0
635,4917.5,0,0.035263571428571436,0.12125930101731598,1.0,1,1,0
636,4918.0,0,0.046679285714285715,0.11808165482683981,1.0,1,1,0
637,4918.5,0,0.057766428571428566,0.11716558049783544,1.0,1,1,0
638,4919.0,0,0.08589714285714287,0.11447660536796538,1.0,1,1,0
639,4919.5,0,0.098545,0.11489798893939394,1.0,1,1,0
640,4920.0,0,0.09363857142857143,0.11293885025974024,1.0,1,1,0
641,4920.5,0,0.09701857142857143,0.11027497571428573,1.0,1,1,0
642,4921.0,0,0.07295499999999999,0.10623275348484848,1.0,1,1,0
643,4921.5,0,0.07141071428571427,0.0995798685064935,1.0,1,1,0
644,4922.0,0,0.06627214285714285,0.09323239703463194,1.0,1,1,0
645,4922.5,0,0.05421714285714285,0.09245245264069257,1.0,1,1,0
646,4923.0,0,0.04109142857142858,0.08807861004329001,1.0,1,1,0
647,4923.5,0,0.01845285714285715,0.0840704567532467,1.0,1,1,0
648,4924.0,0,0.022085714285714278,0.07686386926406918,1.0,1,0,0
649,4924.5,0,0.020373571428571425,0.0666959473809524,1.0,1,0,0
650,4925.0,0,0.029238571428571423,0.0568796623809523,1.0,1,0,0
651,4925.5,0,0.04971571428571429,0.05228250229437233,1.0,1,0,0
652,4926.0,0,0.0591757142857143,0.063639241082251,1.0,1,0,0
653,4926.5,0,0.08462142857142858,0.08577323398268395,1.0,1,1,0
654,4927.0,0,0.11235500000000001,0.10595482015151507,1.0,1,1,0
655,4927.5,0,0.21417214285714284,0.10345523642857143,1.0,0,0,0
656,4928.0,0,0.29206642857142856,0.08915566837662332,0.887565550197478,0,0,0
657,4928.5,0,0.30928500000000003,0.09012884409090913,0.6381420687007299,0,0,0
658,4929.0,0,0.23417214285714288,0.10052220612554105,0.6779109955725824,0,0,0
659,4929.5,0,0.172155,0.11134116560606055,0.6578196250556811,0,0,0
660,4930.0,0,0.16893357142857143,0.1079013922294372,0.683885216004308,0,0,0
661,4930.5,0,0.22229142857142858,0.0927702342857143,0.6935848059665374,0,0,0
662,4931.0,0,0.29636357142857145,0.07492818889610392,0.6502306454121309,0,0,0
663,4931.5,0,0.40031142857142854,0.061129690649350685,0.5398231713367945,0,0,0
664,4932.0,0,0.4739942857142857,0.06113462285714287,0.45685577293130514,0,0,0
665,4932.5,0,0.4627685714285714,0.07034004389610388,0.5809503636834775,0,0,0
666,4933.0,0,0.36893,0.0821926906060606,0.6979615964869326,0,0,0
667,4933.5,0,0.3211614285714286,0.08683734367965368,0.6838758434552862,0,0,0
668,4934.0,1,0.3193157142857143,0.10597431144989336,0.49371692822740537,0,0,0
669,4934.5,1,0.31755214285714284,0.1062884572601279,0.4992423297333775,0,0,0
670,4935.0,1,0.23223571428571427,0.1309609030916844,0.5187624937877352,0,0,0
671,4935.5,1,0.145445,0.14867034798507459,0.5535164351616105,1,1,1
672,4936.0,0,0.09491142857142858,0.13671980580086582,0.689477785229884,1,1,1
673,4936.5,0,0.08324000000000001,0.12866623393939394,0.6135381284423412,1,1,1
674,4937.0,1,0.08806285714285715,0.12220267266524523,0.5240267911646331,1,1,1
675,4937.5,1,0.11389999999999999,0.11387016865671641,0.711608400991445,1,1,1
676,4938.0,1,0.145065,0.11092737097014929,0.7469044540879527,1,1,1
677,4938.5,1,0.1989457142857143,0.10841034443496804,0.5567125735326094,0,0,0
678,4939.0,1,0.22380714285714284,0.10578264509594884,0.38252167828288275,0,0,0
679,4939.5,1,0.23378,0.10651995910447762,0.4305121261534655,0,0,0
680,4940.0,1,0.2316528571428571,0.11256039699360341,0.4527596366201437,0,0,0
681,4940.5,1,0.23918714285714282,0.11624509972281447,0.4199689965059823,0,0,0
682,4941.0,1,0.2632442857142857,0.108193293326226,0.4273114887579524,0,0,0
683,4941.5,1,0.23645285714285716,0.10933445072494667,0.4630533203679673,0,0,0
684,4942.0,1,0.20554785714285714,0.11821195617270787,0.48364642036179833,0,0,0
685,4942.5,1,0.16163142857142856,0.12155893633262257,0.4699803541815944,0,0,0
686,4943.0,1,0.15084785714285712,0.11878845020255867,0.43962819630022143,0,0,0
687,4943.5,1,0.1712057142857143,0.11764466413646057,0.4176914147846409,0,0,0
688,4944.0,1,0.18534571428571428,0.11232092353944562,0.4276674823530855,0,0,0
689,4944.5,1,0.22013857142857143,0.11625628142857143,0.401993425979241,0,0,0
690,4945.0,1,0.20050500000000002,0.12457761694029854,0.4182919969455742,0,0,0
691,4945.5,1,0.2159442857142857,0.12297300825159921,0.4678168202492662,0,0,0
692,4946.0,1,0.22161857142857144,0.12924334351812367,0.44760756235838056,0,0,0
693,4946.5,1,0.2719392857142857,0.11573024952025582,0.460631393161891,0,0,0
694,4947.0,0,0.3653592857142857,0.06649098937229442,0.6771838242436969,0,0,0
695,4947.5,0,0.44612357142857145,0.046042227683982716,0.8459172429160832,0,0,0
696,4948.0,0,0.50293,0.046141236060606085,1.0,0,0,0
697,4948.5,0,0.47489142857142863,0.0560019858008658,0.95302560556238,0,0,0
698,4949.0,0,0.4812192857142857,0.05613800694805196,0.991909963083241,0,0,0
699,4949.5,0,0.48821857142857145,0.050778115108225046,0.8967826721964248,0,0,0
700,4950.0,0,0.50736,0.048752305454545425,1.0,0,0,0
701,4950.5,0,0.49831928571428574,0.05124077361471862,1.0,0,0,0
702,4951.0,0,0.5324571428571429,0.04386974718614711,1.0,0,0,0
703,4951.5,0,0.5388378571428571,0.040095461450216446,0.9472433337227534,0,0,0
704,4952.0,0,0.5328107142857144,0.039902420021644965,1.0,0,0,0
705,4952.5,0,0.5114342857142857,0.039812753766233784,1.0,0,0,0
706,4953.0,0,0.5036357142857143,0.04078552532467529,1.0,0,0,0
707,4953.5,0,0.5004107142857143,0.0414900806277056,1.0,0,0,0
708,4954.0,0,0.48126928571428573,0.04930982967532459,1.0,0,0,0
709,4954.5,0,0.497575,0.05403250681818185,1.0,0,0,0
710,4955.0,0,0.5656642857142857,0.06120622922077917,0.9467318066237406,0,0,0
711,4955.5,0,0.6545978571428571,0.06323216690476191,0.9842951167421687,0,0,0
712,4956.0,1,0.6914635714285714,0.08910630045842223,0.669021328998597,0,0,0
713,4956.5,1,0.6403021428571429,0.09314068487206821,0.6042366850971446,0,0,0
714,4957.0,1,0.5286821428571429,0.09673509472281448,0.5995430576451679,0,0,0
715,4957.5,1,0.46473000000000003,0.10564993895522383,0.5627397943055155,0,0,0
716,4958.0,1,0.4556042857142857,0.11070039959488272,0.550234341049679,0,0,0
717,4958.5,1,0.4655292857142857,0.11460513802771852,0.5387182513034956,0,0,0
718,4959.0,1,0.4855264285714285,0.11435900297441368,0.5176384164946406,0,0,0
719,4959.5,0,0.49149714285714285,0.06720256900432894,0.8018526188183367,0,0,0
720,4960.0,0,0.5369742857142857,0.05741071194805195,0.742374783179708,0,0,0
721,4960.5,0,0.5866014285714286,0.046237717012986956,0.9549552126316059,0,0,0
722,4961.0,0,0.6457642857142857,0.03545866255411255,1.0,0,0,0
723,4961.5,0,0.7229357142857142,0.026107582900432927,1.0,0,0,0
724,4962.0,0,0.7444721428571429,0.034470718246753185,0.9589084225361361,0,0,0
725,4962.5,0,0.6935242857142857,0.05768767103896097,0.568683879567816,0,0,0
726,4963.0,0,0.5566957142857143,0.0766868338095238,0.600325024552716,0,0,0
727,4963.5,0,0.44512214285714286,0.08229986824675317,0.6377914116342233,0,0,0
728,4964.0,0,0.4706557142857143,0.058090951385281406,0.775148955660502,0,0,0
729,4964.5,0,0.5805028571428571,0.040329734025973965,0.832776519466308,0,0,0
730,4965.0,0,0.6726664285714286,0.029862692619047643,0.9190717777870471,0,0,0
731,4965.5,0,0.6253571428571428,0.03417546536796537,1.0,0,0,0
732,4966.0,0,0.5155107142857143,0.026750241233766264,1.0,0,0,0
733,4966.5,0,0.43004999999999993,0.033115459090909134,0.8157348034422661,0,0,0
734,4967.0,1,0.3637521428571428,0.04772734382729214,0.5139997521547545,0,0,0
735,4967.5,0,0.33949571428571423,0.05868739138528134,0.5425906969122503,0,0,0
736,4968.0,0,0.36327714285714285,0.06713763991341995,0.5921403116174987,0,0,0
737,4968.5,0,0.46826928571428567,0.05861016300865795,0.6008634399758342,0,0,0
738,4969.0,0,0.5188471428571428,0.05410475233766231,0.6713490816826669,0,0,0
739,4969.5,0,0.5294814285714285,0.04800016064935059,0.9689404276062732,0,0,0
740,4970.0,0,0.4833992857142857,0.05151099300865796,0.8480631249438972,0,0,0
741,4970.5,0,0.48857214285714284,0.04698806067099563,0.8966500357994581,0,0,0
742,4971.0,0,0.48764428571428575,0.060183136493506394,0.6468313183232256,0,0,0
743,4971.5,0,0.491265,0.08340059984848487,0.4239399176095229,0,0,0
744,4972.0,1,0.48033000000000003,0.06843688223880591,0.6620708186465942,0,0,0
745,4972.5,1,0.4415571428571428,0.0736149473347548,0.6090502288809957,0,0,0
746,4973.0,1,0.4219692857142857,0.07980787653518127,0.5672519444629376,0,0,0
747,4973.5,1,0.4057435714285715,0.08709481926439226,0.5779476389923299,0,0,0
748,4974.0,1,0.47096714285714286,0.06450111852878468,0.6433659459028216,0,0,0
749,4974.5,1,0.5620835714285715,0.04165671150319831,0.7969107072476372,0,0,0
750,4975.0,0,0.6619657142857143,0.029316949264069303,0.9799572889734083,0,0,0
751,4975.5,0,0.6797757142857143,0.024360507748917667,1.0,0,0,0
752,4976.0,0,0.6834385714285715,0.019090044199134237,1.0,0,0,0
753,4976.5,0,0.70037,0.017027851818181783,1.0,0,0,0
754,4977.0,0,0.7042242857142856,0.018827431645021583,1.0,0,0,0
755,4977.5,0,0.69855,0.014558049999999961,1.0,0,0,0
756,4978.0,0,0.6314985714285715,0.014601504199134224,1.0,0,0,0
757,4978.5,0,0.6252664285714286,0.015927777467532406,1.0,0,0,0
758,4979.0,0,0.6039885714285714,0.024053124502164527,1.0,0,0,0
759,4979.5,0,0.5952657142857143,0.031714521991341935,1.0,0,0,0
760,4980.0,0,0.5562071428571429,0.04095978506493502,0.8694060654680271,0,0,0
761,4980.5,0,0.5407221428571428,0.04895825612554106,0.6274508115674932,0,0,0
762,4981.0,0,0.5087621428571428,0.05750250218614713,0.4564587822870566,0,0,0
763,4981.5,0,0.494105,0.051272858030303015,0.5046513240090053,0,0,0
764,4982.0,0,0.474745,0.04830885560606054,0.5341738200466586,0,0,0
765,4982.5,0,0.5191942857142857,0.03983812588744585,0.7435791657647584,0,0,0
766,4983.0,0,0.5184857142857142,0.04459414805194808,0.7070904154562153,0,0,0
767,4983.5,0,0.5313435714285714,0.0482002173809523,0.7319688541374706,0,0,0
768,4984.0,0,0.46071928571428566,0.05458614331168833,0.8197752422083543,0,0,0
769,4984.5,0,0.4753321428571428,0.045481220670995644,0.9477705719075635,0,0,0
770,4985.0,0,0.5269892857142857,0.02848847088744591,1.0,0,0,0
771,4985.5,0,0.59234,0.015506152121212077,1.0,0,0,0
772,4986.0,0,0.6026378571428571,0.011600352359307314,1.0,0,0,0
773,4986.5,0,0.5615185714285714,0.012958112077922052,1.0,0,0,0
774,4987.0,0,0.6255564285714286,0.0006491977705626872,1.0,0,0,0
775,4987.5,0,0.6715407142857143,0.0001,1.0,0,0,0
776,4988.0,0,0.7544885714285714,0.0001,1.0,0,0,0
777,4988.5,0,0.7946871428571429,0.0001,1.0,0,0,0
778,4989.0,0,0.7918957142857143,0.0067454883549783184,1.0,0,0,0
779,4989.5,0,0.7373057142857143,0.017238222597402528,1.0,0,0,0
780,4990.0,0,0.6166364285714285,0.037953295952380894,0.7681621727029914,0,0,0
781,4990.5,0,0.5315185714285714,0.067278112077922,0.8207400210489756,0,0,0
782,4991.0,0,0.4000728571428571,0.0927481191774892,0.6711005661611413,0,0,0
783,4991.5,0,0.3398792857142857,0.10199709725108227,0.6657961872251623,0,0,0
784,4992.0,0,0.30746928571428567,0.09909948422077916,0.6148059163579577,0,0,0
785,4992.5,0,0.3666014285714286,0.08174650489177487,0.5722894168244024,0,0,0
786,4993.0,0,0.35589928571428575,0.0763963717965368,0.5822437983943698,0,0,0
787,4993.5,0,0.30824142857142856,0.07718198731601736,0.6970276607191938,0,0,0
788,4994.0,0,0.20311428571428572,0.08426660346320347,0.6328599041905748,0,0,0
789,4994.5,1,0.13154142857142856,0.09949008513859277,0.5544650255700417,1,1,1
790,4995.0,1,0.0988857142857143,0.10086329936034115,0.5713913527910667,1,1,1
791,4995.5,1,0.07994571428571429,0.10679283697228148,0.5412990412638701,1,1,1
792,4996.0,1,0.07611499999999999,0.10630715231343288,0.5384922723919404,1,1,1
793,4996.5,1,0.07472642857142857,0.10652372536247337,0.5246405781880534,1,1,1
794,4997.0,1,0.08748714285714286,0.10407832509594886,0.5321278350306581,1,1,1
795,4997.5,1,0.0905007142857143,0.11146729495735613,0.5106461901562726,1,1,1
796,4998.0,1,0.09189,0.10407751686567168,0.5491477901673348,1,1,1
797,4998.5,1,0.09047214285714286,0.11175892949893389,0.5002249517437453,1,1,1
798,4999.0,0,0.10973000000000001,0.10161821787878783,0.5487280071540136,1,1,1
799,4999.5,0,0.14031999999999997,0.09679299878787885,0.5752315288964994,1,1,1
800,5000.0,0,0.20129,0.09328514757575758,0.5764503511986234,0,0,0
801,5000.5,0,0.25371285714285713,0.0986680258441558,0.5380583741644789,0,0,0
802,5001.0,0,0.3072035714285714,0.10747238647186147,0.4612426524572886,0,0,0
803,5001.5,0,0.28970785714285713,0.11332638902597403,0.49462454579315196,0,0,0
804,5002.0,0,0.2496692857142857,0.108207259978355,0.509720739028086,0,0,0
805,5002.5,0,0.1875664285714286,0.09928101686147177,0.5570966751117756,0,0,0
806,5003.0,0,0.19939,0.09300133848484841,0.6083451771246002,0,0,0
807,5003.5,0,0.2973307142857143,0.07900458850649353,0.7903282513070462,0,0,0
808,5004.0,0,0.35668642857142857,0.08385905807359306,0.7853467981505136,0,0,0
809,5004.5,0,0.33991142857142853,0.0933905633766234,0.7678579702017048,0,0,0
810,5005.0,0,0.251525,0.10673680530303022,0.6369705030541918,0,0,0
811,5005.5,0,0.24523142857142857,0.10585765307359313,0.5937544430133239,0,0,0
812,5006.0,0,0.28263142857142853,0.1017795379220779,0.631406798249071,0,0,0
813,5006.5,0,0.3301314285714286,0.09732325004329008,0.7176790064779223,0,0,0
814,5007.0,0,0.35292785714285707,0.09182631811688313,0.6677807639544543,0,0,0
815,5007.5,0,0.4014135714285715,0.0861519813203463,0.611260960006717,0,0,0
816,5008.0,0,0.42126428571428576,0.0820079504329004,0.729175905646161,0,0,0
817,5008.5,0,0.4029885714285715,0.08303788207792209,0.6952013713722317,0,0,0
818,5009.0,0,0.3722342857142857,0.08029767497835491,0.7044754650760643,0,0,0
819,5009.5,0,0.3608914285714286,0.08454768277056274,0.7147401548730743,0,0,0
820,5010.0,0,0.33592071428571424,0.09333009668831169,0.7152125919702799,0,0,0
821,5010.5,0,0.2762685714285714,0.10363066510822502,0.651029036116279,0,0,0
822,5011.0,0,0.21246214285714288,0.10830374764069256,0.6372324133483848,0,0,0
823,5011.5,0,0.19123785714285713,0.10813234629870126,0.6184290270458844,0,0,0
824,5012.0,0,0.1829507142857143,0.11124625093073594,0.6193109729368083,0,0,0
825,5012.5,0,0.17379928571428568,0.10778921119047617,0.6378094041446517,0,0,0
826,5013.0,0,0.158905,0.10747177924242425,0.6333053947004929,0,0,0
827,5013.5,0,0.14835714285714288,0.10695785930735931,0.6285225909181319,1,1,1
828,5014.0,0,0.15254642857142856,0.10560577261904754,0.6291373722760063,0,0,0
829,5014.5,0,0.1525085714285714,0.10413414147186145,0.6326150581877924,0,0,0
830,5015.0,0,0.16682285714285716,0.09785721766233765,0.6761415562064658,0,0,0
831,5015.5,0,0.16753142857142858,0.09569816519480512,0.6796373735132633,0,0,0
832,5016.0,0,0.16402285714285714,0.09194575099567093,0.7048663482362117,0,0,0
833,5016.5,0,0.16854357142857143,0.09019541738095241,0.7066870127888922,0,0,0
834,5017.0,0,0.16003571428571428,0.0901924707792207,0.7416689614300215,0,0,0
835,5017.5,0,0.17042785714285716,0.09238093932900424,0.7274850573556384,0,0,0
836,5018.0,0,0.16123785714285715,0.09538719478354972,0.7033520946853482,0,0,0
837,5018.5,0,0.1775442857142857,0.09437191528138526,0.7093372595595812,0,0,0
838,5019.0,0,0.19977857142857144,0.09363928722943718,0.7096756179767726,0,0,0
839,5019.5,0,0.23759714285714284,0.09426857809523805,0.6969212865103628,0,0,0
840,5020.0,0,0.2553207142857143,0.1006670118398268,0.6486038978994206,0,0,0
841,5020.5,0,0.2730157142857143,0.1002958325974025,0.6525302018354486,0,0,0
842,5021.0,0,0.25221214285714283,0.09905281582251084,0.6413194468825901,0,0,0
843,5021.5,0,0.23027999999999998,0.08848887393939393,0.6622546814080089,0,0,0
844,5022.0,0,0.191975,0.07839290681818176,0.6804395409825478,0,0,0
845,5022.5,0,0.17360214285714284,0.07060918461038956,0.6936959017449355,0,0,0
846,5023.0,0,0.16646714285714284,0.06695356627705619,0.6480952096189996,0,0,0
847,5023.5,0,0.1573092857142857,0.06949722725108219,0.6558134357235177,0,0,0
848,5024.0,0,0.17142785714285713,0.07675830296536787,0.722297740085824,0,0,0
849,5024.5,0,0.22679285714285713,0.0785265482683982,0.7257347116722614,0,0,0
850,5025.0,0,0.30897357142857146,0.07723854738095241,0.679586906252798,0,0,0
851,5025.5,0,0.3573857142857143,0.07832071471861474,0.7514676468211338,0,0,0
852,5026.0,0,0.3488114285714286,0.08885682701298694,0.8010266003788504,0,0,0
853,5026.5,0,0.31108142857142856,0.09863000307359304,0.7399117549870433,0,0,0
854,5027.0,0,0.26479571428571425,0.10339484290043288,0.7140257236011779,0,0,0
855,5027.5,0,0.23158142857142855,0.10777732125541124,0.6849173630715144,0,0,0
856,5028.0,0,0.21274714285714283,0.1066499553679653,0.6901085765254665,0,0,0
857,5028.5,0,0.2354935714285714,0.108703927987013,0.672871736794502,0,0,0
858,5029.0,0,0.253575,0.1079936583333333,0.6841086190145937,0,0,0
859,5029.5,0,0.2789457142857143,0.1091252201731602,0.6757258159052142,0,0,0
860,5030.0,0,0.2746321428571429,0.1054544903679653,0.7014679825087151,0,0,0
861,5030.5,0,0.310795,0.09805667833333334,0.754315940847073,0,0,0
862,5031.0,0,0.34766071428571427,0.08968225487012985,0.8060472605638669,0,0,0
863,5031.5,0,0.46592000000000006,0.07741926545454544,0.8810866904252821,0,0,0
864,5032.0,0,0.5031128571428571,0.07950918341991339,0.7320372397587297,0,0,0
865,5032.5,0,0.49738,0.0835825496969697,0.8003684491959404,0,0,0
866,5033.0,0,0.38337428571428567,0.09570462709956712,0.808708846635954,0,0,0
867,5033.5,0,0.3635092857142857,0.09686688179653677,0.7872552454369313,0,0,0
868,5034.0,0,0.3727864285714286,0.10001021867965372,0.717954768674585,0,0,0
869,5034.5,0,0.3880985714285714,0.09832452844155837,0.7117978613691269,0,0,0
870,5035.0,0,0.3519357142857143,0.10093597683982677,0.7154754534654466,0,0,0
871,5035.5,0,0.3271228571428571,0.09415724493506485,0.7326176231193704,0,0,0
872,5036.0,0,0.35371714285714284,0.09063119506493503,0.7744626759197301,0,0,0
873,5036.5,0,0.44401357142857145,0.07938433889610386,0.9428403330030414,0,0,0
874,5037.0,0,0.5469242857142858,0.06439282861471862,1.0,0,0,0
875,5037.5,0,0.6163235714285715,0.06096012465367964,0.968142482790638,0,0,0
876,5038.0,0,0.5810242857142858,0.0726516861904762,1.0,0,0,0
877,5038.5,0,0.5213599999999999,0.0896172145454546,0.887509459450086,0,0,0
878,5039.0,0,0.4668557142857143,0.0967975756277056,0.7634809981082512,0,0,0
879,5039.5,0,0.460075,0.08968364318181819,0.7400089032213673,0,0,0
880,5040.0,0,0.42250071428571423,0.08948378577922071,0.715846021090988,0,0,0
881,5040.5,0,0.39984571428571425,0.09090166562770566,0.7002999830564863,0,0,0
882,5041.0,0,0.3813364285714286,0.09576311716450212,0.7373707372378718,0,0,0
883,5041.5,0,0.4062685714285714,0.08935005904761904,0.7700471181373918,0,0,0
884,5042.0,0,0.4416,0.0826595393939393,0.7350852955443279,0,0,0
885,5042.5,0,0.4466414285714285,0.07916153883116883,0.8159687287479414,0,0,0
886,5043.0,0,0.46698285714285714,0.07380492917748913,0.9034031820629,0,0,0
887,5043.5,0,0.45563999999999993,0.07816099757575759,0.7446387742663851,0,0,0
888,5044.0,0,0.4623264285714286,0.08170035867965367,0.7613943387471094,0,0,0
889,5044.5,0,0.40783642857142854,0.09003067777056284,0.6851464059224875,0,0,0
890,5045.0,0,0.3160435714285714,0.09602246283549778,0.6586974004121168,0,0,0
891,5045.5,0,0.25043499999999996,0.10671167590909086,0.5512863987985941,0,0,0
892,5046.0,0,0.2058164285714286,0.11307206989177489,0.5231082307834523,0,0,0
893,5046.5,0,0.20129571428571427,0.11672846411255403,0.44927696908288195,0,0,0
894,5047.0,0,0.188535,0.11476029106060599,0.42133949379531244,0,0,0
895,5047.5,0,0.1972364285714286,0.11495425958874458,0.4922163370293183,0,0,0
896,5048.0,0,0.24959428571428569,0.10775634406926406,0.5653540597362889,0,0,0
897,5048.5,0,0.3006392857142857,0.09950607543290035,0.6414940795030586,0,0,0
898,5049.0,0,0.35222499999999995,0.09092565681818178,0.7337125507723976,0,0,0
899,5049.5,0,0.4173957142857143,0.085193261082251,0.8305411950233739,0,0,0
900,5050.0,0,0.42094071428571433,0.08372049244588745,0.8188035831680595,0,0,0
901,5050.5,0,0.4198314285714285,0.08677776822510824,0.7794445854878445,0,0,0
902,5051.0,0,0.35820571428571424,0.09656163774891777,0.7863313498015415,0,0,0
903,5051.5,0,0.34280999999999995,0.09823977060606062,0.7352440274449895,0,0,0
904,5052.0,0,0.35660785714285714,0.09731004660173156,0.744647849707982,0,0,0
905,5052.5,0,0.4027778571428572,0.08720024387445888,0.7640020510863114,0,0,0
906,5053.0,0,0.4833907142857143,0.07212859396103893,0.7458959065356995,0,0,0
907,5053.5,0,0.5273457142857143,0.06161325653679656,0.7387936542304978,0,0,0
908,5054.0,0,0.5269807142857142,0.05901667790043293,0.9062958518578441,0,0,0
909,5054.5,0,0.5305321428571429,0.05609775400432891,0.8335452346979504,0,0,0
910,5055.0,0,0.5163528571428572,0.05509784160173156,0.8892227271049887,0,0,0
911,5055.5,0,0.5487485714285714,0.04839549662337662,1.0,0,0,0
912,5056.0,0,0.5268635714285714,0.05164459798701298,0.8372714959608424,0,0,0
913,5056.5,0,0.5036307142857144,0.05304516123376618,0.9359619215982183,0,0,0
914,5057.0,0,0.4431542857142857,0.06264769800865796,0.8502744550016286,0,0,0
915,5057.5,0,0.44868071428571427,0.0584771354761905,0.9448793502131179,0,0,0
916,5058.0,0,0.4315021428571429,0.061311720974026006,0.8760935764059798,0,0,0
917,5058.5,0,0.4497892857142857,0.05594569512987008,1.0,0,0,0
918,5059.0,0,0.4406257142857143,0.057770281991341994,0.8825434162698804,0,0,0
919,5059.5,0,0.45701214285714287,0.057906888549783535,0.8483259036587365,0,0,0
920,5060.0,0,0.4833807142857143,0.061326653658008656,0.8272231771491878,0,0,0
921,5060.5,0,0.49188857142857145,0.06214929722943714,0.708491355244887,0,0,0
922,5061.0,0,0.5336364285714286,0.05371544746753245,0.8740147021080324,0,0,0
923,5061.5,0,0.5087742857142856,0.05268754225108224,0.8263007551997444,0,0,0
924,5062.0,0,0.44840571428571424,0.06105862562770557,0.8156442611173714,0,0,0
925,5062.5,0,0.3931078571428571,0.06707094054112558,0.8065627684228075,0,0,0
926,5063.0,0,0.3705521428571429,0.0686234527922078,0.7304386718987891,0,0,0
927,5063.5,0,0.40822142857142857,0.0615053794372294,0.6889956655554077,0,0,0
928,5064.0,0,0.4372885714285714,0.09317342450216451,0.41282189980609973,0,0,0
929,5064.5,1,0.4513935714285714,0.03957696180170575,0.7897271084704865,0,0,0
930,5065.0,1,0.39488928571428566,0.027939542803837966,1.0,0,0,0
931,5065.5,1,0.2970535714285714,0.02637080090618339,1.0,0,0,0
932,5066.0,1,0.19098928571428572,0.029923403997867786,1.0,0,0,0
933,5066.5,1,0.14971214285714285,0.03660312472281451,0.8435061054815739,1,0,0
934,5067.0,1,0.12584142857142858,0.04013125081023451,0.6389728617307028,1,0,0
935,5067.5,1,0.14541357142857145,0.04282644448827292,0.6027557813042272,1,0,0
936,5068.0,1,0.14466285714285715,0.04066270550106609,0.7206479754441594,1,0,0
937,5068.5,1,0.16711571428571428,0.047459275628997835,0.5942597206602775,0,0,0
938,5069.0,1,0.15281714285714285,0.04105095360341152,0.5523178817245611,0,0,0
939,5069.5,1,0.15711428571428573,0.030688223027718547,0.7087631317327167,0,0,0
940,5070.0,1,0.2414792857142857,0.03770026713219621,0.6719829280015679,0,0,0
941,5070.5,1,0.3552414285714286,0.026919904541577853,1.0,0,0,0
942,5071.0,1,0.5047871428571428,0.029326072857142844,0.9932305263753743,0,0,0
943,5071.5,0,0.5374942857142857,0.022270698614718643,1.0,0,0,0
944,5072.0,0,0.5365757142857143,0.03288900471861469,1.0,0,0,0
945,5072.5,0,0.47147071428571424,0.0550809042640692,0.9291208189871931,0,0,0
946,5073.0,0,0.4330921428571429,0.06003992612554105,0.8156181260196762,0,0,0
947,5073.5,0,0.39558785714285716,0.06584910538961036,0.7096460488023443,0,0,0
948,5074.0,0,0.3664021428571429,0.06623337854978353,0.7766656209300064,0,0,0
949,5074.5,0,0.34591142857142854,0.0733926239826839,0.7620949599631238,0,0,0
950,5075.0,0,0.363565,0.08049868772727273,0.6358617129471493,0,0,0
951,5075.5,1,0.3490542857142857,0.09813765556503204,0.5386676046899279,0,0,0
952,5076.0,1,0.3107014285714286,0.0985562302132196,0.5231929817494123,0,0,0
953,5076.5,1,0.2568857142857143,0.09595786652452025,0.5249062046884917,0,0,0
954,5077.0,1,0.25438142857142854,0.09329235797441364,0.5064512277401367,0,0,0
955,5077.5,1,0.2735835714285714,0.08889731598081024,0.47962587344102087,0,0,0
956,5078.0,1,0.29762357142857143,0.08768750523454162,0.4878054629644868,0,0,0
957,5078.5,1,0.2925942857142857,0.0802137627292111,0.5483666607089338,0,0,0
958,5079.0,1,0.2875707142857143,0.08778945450959486,0.4993941847875089,0,0,0
959,5079.5,1,0.306785,0.09034171783582093,0.49090555900267085,0,0,0
960,5080.0,1,0.34017285714285717,0.07621990206823032,0.5390715232094621,0,0,0
961,5080.5,1,0.4064928571428572,0.08158556535181238,0.5073153195357831,0,0,0
962,5081.0,1,0.38656999999999997,0.0872624058208955,0.6420205690690012,0,0,0
963,5081.5,1,0.3638828571428572,0.08796962699360342,0.6440549164198145,0,0,0
964,5082.0,1,0.2689564285714286,0.10457704491471215,0.5423347640744063,0,0,0
965,5082.5,1,0.2683107142857143,0.10042529898720685,0.563303833303351,0,0,0
966,5083.0,1,0.30517642857142857,0.0969830559594883,0.5235180761824454,0,0,0
967,5083.5,1,0.37844714285714287,0.08284865823027723,0.5159415905637219,0,0,0
968,5084.0,1,0.4619892857142857,0.058696642803837976,0.5962437017165837,0,0,0
969,5084.5,0,0.5016907142857143,0.04689298487012982,0.8129463796985508,0,0,0
970,5085.0,0,0.5365228571428572,0.04587355402597399,0.8048178227407693,0,0,0
971,5085.5,0,0.49282642857142855,0.060387979891774926,0.6651189407754977,0,0,0
972,5086.0,1,0.44745357142857145,0.07193791732409377,0.622042049080243,0,0,0
973,5086.5,1,0.4182928571428572,0.0719807981876333,0.7025702781038964,0,0,0
974,5087.0,1,0.36780857142857143,0.08367426486140726,0.6350104775460611,0,0,0
975,5087.5,1,0.32440642857142854,0.07885913670575692,0.6693086715657239,0,0,0
976,5088.0,1,0.25280214285714286,0.07878303561833691,0.5505262729040612,0,0,0
977,5088.5,1,0.21871357142857142,0.07309959523454156,0.4909184389935001,0,0,0
978,5089.0,1,0.20610785714285715,0.06846472512793181,0.48418945981807254,0,0,0
979,5089.5,1,0.2316907142857143,0.07592605212153514,0.4971372163504665,0,0,0
980,5090.0,1,0.3500857142857143,0.06756166353944566,0.6126051861341872,0,0,0
981,5090.5,1,0.37549928571428576,0.06360766026652453,0.7678988618787023,0,0,0
982,5091.0,1,0.37323,0.0820390359701493,0.6624953349093318,0,0,0
983,5091.5,1,0.3030435714285714,0.0877904774733475,0.6140670658311718,0,0,0
984,5092.0,1,0.32087642857142856,0.08486830819829419,0.5967183442203707,0,0,0
985,5092.5,1,0.3309478571428572,0.08216377408315566,0.7394218058104216,0,0,0
986,5093.0,1,0.29060071428571427,0.07990366361407253,0.614666838037442,0,0,0
987,5093.5,1,0.2124957142857143,0.07780247652452027,0.6260586427693768,0,0,0
988,5094.0,1,0.16358000000000003,0.08188990835820893,0.6266848535734457,0,0,0
989,5094.5,1,0.14508357142857145,0.08285389060767592,0.5618476024481878,1,1,1
990,5095.0,1,0.14449428571428571,0.08878461795309163,0.514395158766183,1,1,1
991,5095.5,1,0.11751928571428572,0.08898797877398723,0.529092182261644,1,1,1
992,5096.0,1,0.11539214285714285,0.09236871517057564,0.527686097575263,1,1,1
993,5096.5,1,0.12093,0.09190255686567167,0.6008936426007283,1,1,1
994,5097.0,1,0.16556357142857142,0.09638084821961623,0.6238154972059473,0,0,0
995,5097.5,1,0.2059742857142857,0.09473988899786778,0.6398416592261083,0,0,0
996,5098.0,1,0.21962285714285715,0.10195435206823028,0.601323769093748,0,0,0
997,5098.5,1,0.24159999999999998,0.10481891343283581,0.5887945595000578,0,0,0
998,5099.0,1,0.2515257142857143,0.10426910353944566,0.591575220440841,0,0,0
999,5099.5,1,0.31021,0.10424891149253727,0.5400388847840426,0,0,0
1000,5100.0,1,0.35062,0.09773638119402987,0.5848244975257001,0,0,0
1001,5100.5,1,0.35242999999999997,0.10609301208955228,0.6347433229501763,0,0,0
1002,5101.0,1,0.3482907142857143,0.10871772674840081,0.6016377406075115,0,0,0
1003,5101.5,1,0.31709714285714286,0.11089768136460557,0.5770016535930756,0,0,0
1004,5102.0,1,0.317475,0.11629310932835821,0.6077446719939739,0,0,0
1005,5102.5,1,0.2820492857142857,0.11127637444562898,0.6350200989737168,0,0,0
1006,5103.0,1,0.270765,0.1146457575373134,0.6186642972645462,0,0,0
1007,5103.5,1,0.22145714285714285,0.11771156375266528,0.6066141513138449,0,0,0
1008,5104.0,1,0.20141499999999998,0.11942409410447766,0.5948219562296976,0,0,0
1009,5104.5,1,0.16023642857142859,0.12573808610874196,0.535141882557232,0,0,0
1010,5105.0,0,0.17478999999999997,0.10060849606060605,0.6433207636446497,0,0,0
1011,5105.5,0,0.19109285714285715,0.09717996948051949,0.6631176934710641,0,0,0
1012,5106.0,0,0.22097785714285714,0.09558311054112556,0.6636678381345957,0,0,0
1013,5106.5,0,0.23588142857142858,0.09104498489177482,0.7003647948414,0,0,0
1014,5107.0,0,0.22526000000000002,0.09489211454545451,0.6640743781372377,0,0,0
1015,5107.5,0,0.215275,0.09582744924242417,0.6566242577213679,0,0,0
1016,5108.0,0,0.1904007142857143,0.09783571608225103,0.6354122186281929,0,0,0
1017,5108.5,0,0.17664357142857143,0.09631100222943714,0.669106085037106,0,0,0
1018,5109.0,0,0.1534792857142857,0.09702378816017307,0.6589157013877198,0,0,0
1019,5109.5,0,0.14146357142857147,0.09337289495670988,0.6873109130052578,1,1,1
1020,5110.0,0,0.1468728571428571,0.08786207069264065,0.7369950925991121,1,1,1
1021,5110.5,0,0.16147999999999998,0.08845171030303034,0.6415831462272912,0,0,0
1022,5111.0,0,0.20050071428571425,0.08566663426406927,0.6731569948638665,0,0,0
1023,5111.5,0,0.2133107142857143,0.09125973820346323,0.7133150451251836,0,0,0
1024,5112.0,0,0.22819857142857145,0.08749453753246754,0.6621407726100725,0,0,0
1025,5112.5,0,0.22955214285714287,0.08390002854978347,0.6821427725259026,0,0,0
1026,5113.0,0,0.23092142857142858,0.07937198852813852,0.7697908146419109,0,0,0
1027,5113.5,0,0.20594642857142859,0.084139718073593,0.7967089810073739,0,0,0
1028,5114.0,0,0.16911857142857142,0.08864183329004328,0.7737486124800926,0,0,0
1029,5114.5,0,0.14005142857142858,0.09310257610389604,0.7197092327058918,1,1,1
1030,5115.0,0,0.125325,0.09463502954545452,0.705825750827221,1,1,1
1031,5115.5,0,0.10191928571428571,0.09855594937229435,0.6642452883010589,1,1,1
1032,5116.0,0,0.0841957142857143,0.09939842471861464,0.5845143653645616,1,1,1
1033,5116.5,0,0.07214357142857143,0.09689544162337656,0.5942710492578344,1,1,1
1034,5117.0,0,0.10827214285714284,0.08790288188311683,0.6811887262383126,1,1,1
1035,5117.5,0,0.149985,0.07973496833333325,0.7734897773280426,1,0,0
1036,5118.0,0,0.18547785714285717,0.07741473175324676,0.8109879596563221,0,0,0
1037,5118.5,0,0.18689571428571428,0.08214806411255407,0.8301898304089186,0,0,0
1038,5119.0,0,0.18463571428571426,0.08720349502164494,0.8677435380421722,0,0,0
1039,5119.5,0,0.17608357142857142,0.08839325435064929,0.8555662385631257,0,0,0
1040,5120.0,0,0.145105,0.09100779742424236,0.8136549237686075,1,1,1
1041,5120.5,0,0.11770428571428572,0.08938841467532463,0.8236711592859389,1,1,1
1042,5121.0,0,0.10568785714285714,0.08609972054112545,0.7977566065039203,1,1,1
1043,5121.5,0,0.11114428571428572,0.0824443637662337,0.7795782614879957,1,1,1
1044,5122.0,0,0.10614928571428572,0.07884790967532458,0.7885318059090838,1,0,0
1045,5122.5,0,0.09477000000000001,0.0750579487878788,0.8008470907489413,1,0,0
1046,5123.0,0,0.09051642857142857,0.06961855777056272,0.8722977641006582,1,0,0
1047,5123.5,0,0.09341714285714285,0.06699328900432892,0.9337334566663057,1,0,0
1048,5124.0,0,0.1012157142857143,0.06446294168831168,0.9384139595243512,1,0,0
1049,5124.5,0,0.13099142857142856,0.06569163125541125,0.9689296541566216,1,0,0
1050,5125.0,0,0.156525,0.06852210833333335,1.0,0,0,0
1051,5125.5,0,0.16503285714285712,0.07708414584415582,0.9343717437122644,0,0,0
1052,5126.0,0,0.15439857142857144,0.08031146480519476,0.860913849574947,0,0,0
1053,5126.5,0,0.15080928571428573,0.07702845452380946,0.8392006983372384,0,0,0
1054,5127.0,0,0.16999785714285714,0.06746720326839827,0.8922293694094979,0,0,0
1055,5127.5,0,0.19367785714285712,0.06125729538961033,0.9546841015024677,0,0,0
1056,5128.0,0,0.23249285714285714,0.05920373311688308,1.0,0,0,0
1057,5128.5,0,0.28072285714285716,0.06207999645021643,1.0,0,0,0
1058,5129.0,0,0.31688571428571427,0.06888218441558444,1.0,0,0,0
1059,5129.5,0,0.28941428571428574,0.07892960043290037,0.8785532878860378,0,0,0
1060,5130.0,0,0.24468214285714285,0.08044631309523806,0.8286916459433572,0,0,0
1061,5130.5,0,0.2075257142857143,0.07474787896103899,0.8664156189937834,0,0,0
1062,5131.0,0,0.26715214285714284,0.05835617400432897,1.0,0,0,0
1063,5131.5,0,0.42595785714285717,0.032359987510822495,1.0,0,0,0
1064,5132.0,0,0.637935,0.01517720621212118,1.0,0,0,0
1065,5132.5,0,0.7209192857142858,0.025610706948051926,1.0,0,0,0
1066,5133.0,0,0.6344264285714285,0.051505095043289956,0.8491739161136076,0,0,0
1067,5133.5,0,0.4935078571428571,0.06041218902597402,0.6023775350842292,0,0,0
1068,5134.0,0,0.4118678571428572,0.06311549448051945,0.6371408720429032,0,0,0
1069,5134.5,0,0.3530785714285714,0.06783564783549781,0.6346750465037095,0,0,0
1070,5135.0,0,0.3198592857142857,0.0701141257359307,0.7766619561798183,0,0,0
1071,5135.5,0,0.3397935714285714,0.06535340980519481,0.664163092353613,0,0,0
1072,5136.0,0,0.3886571428571429,0.0649303108225108,0.6750778983624193,0,0,0
1073,5136.5,0,0.3536535714285714,0.0760941849567099,0.9169056777327504,0,0,0
1074,5137.0,0,0.2501007142857143,0.08668144638528133,0.875576110890329,0,0,0
1075,5137.5,0,0.17353357142857143,0.08839544677489175,0.7851870386639116,0,0,0
1076,5138.0,0,0.14984285714285717,0.0842701588744589,0.8010907448675788,1,1,1
1077,5138.5,0,0.15264142857142857,0.0816529933766234,0.8151830025854996,0,0,0
1078,5139.0,0,0.149555,0.08527274742424235,0.8268501428784318,1,1,1
1079,5139.5,0,0.17182785714285714,0.0856313696320346,0.8325988116037001,0,0,0
1080,5140.0,0,0.20023714285714286,0.08558172718614718,0.8330798184410225,0,0,0
1081,5140.5,0,0.19836071428571428,0.08498474274891774,0.7890729442688096,0,0,0
1082,5141.0,0,0.18559928571428572,0.08240907179653681,0.7750400347734627,0,0,0
1083,5141.5,0,0.17400071428571431,0.07630967971861469,0.8005758337878708,0,0,0
1084,5142.0,0,0.18107714285714285,0.07090653082251082,0.8541149534728175,0,0,0
1085,5142.5,0,0.17149142857142857,0.07110591913419909,0.8602955394769031,0,0,0
1086,5143.0,0,0.17736714285714286,0.0718760723376623,0.8942404839927808,0,0,0
1087,5143.5,0,0.19745999999999997,0.07462382969696967,0.902942265553968,0,0,0
1088,5144.0,0,0.21014214285714283,0.07526571854978346,0.9058003626573815,0,0,0
1089,5144.5,0,0.22612714285714286,0.07577335354978357,0.889859201692024,0,0,0
1090,5145.0,0,0.22947642857142858,0.07497949352813853,0.8909318038400619,0,0,0
1091,5145.5,0,0.2391407142857143,0.07512760153679654,0.8735888220972278,0,0,0
1092,5146.0,0,0.25990285714285716,0.07396755826839818,0.8722634945997009,0,0,0
1093,5146.5,0,0.3375114285714285,0.06264004216450218,0.9054898798225208,0,0,0
1094,5147.0,0,0.4276385714285714,0.05331921389610386,0.8365133757684527,0,0,0
1095,5147.5,0,0.4443135714285715,0.04767588132034627,0.8813799338917351,0,0,0
1096,5148.0,0,0.43836857142857144,0.04644509844155837,0.7687845502523518,0,0,0
1097,5148.5,0,0.43506357142857144,0.04842655556277051,0.743968306553087,0,0,0
1098,5149.0,0,0.42063285714285714,0.058608594329004324,0.8194183239725594,0,0,0
1099,5149.5,0,0.3650435714285714,0.06867237192640686,0.739749999772114,0,0,0
1100,5150.0,0,0.29801357142857143,0.07501349041125538,0.7020435184076497,0,0,0
1101,5150.5,0,0.3185735714285714,0.06951790495670994,0.7253897525219203,0,0,0
1102,5151.0,0,0.34067500000000006,0.06767097045454537,0.6272923325428379,0,0,0
1103,5151.5,0,0.37019928571428573,0.06719979300865794,0.7019420812244395,0,0,0
1104,5152.0,0,0.3560364285714286,0.07172687777056272,0.7186635616039447,0,0,0
1105,5152.5,0,0.3313578571428571,0.07422441781385276,0.752920179504245,0,0,0
1106,5153.0,0,0.31187571428571426,0.07604191077922075,0.7749578580849567,0,0,0
1107,5153.5,0,0.3313628571428571,0.06679508493506485,0.8450608417205828,0,0,0
1108,5154.0,0,0.4116314285714286,0.05318975004328996,0.822698601802104,0,0,0
1109,5154.5,0,0.47892428571428575,0.04438210134199135,0.9289844875175808,0,0,0
1110,5155.0,0,0.5144207142857143,0.043764505779220746,0.9084201124277103,0,0,0
1111,5155.5,0,0.44202857142857144,0.05580373419913418,0.9430448677456094,0,0,0
1112,5156.0,0,0.35671214285714287,0.06383049764069254,0.9219180637475453,0,0,0
1113,5156.5,0,0.2882414285714286,0.06850289640692644,0.8391185860837452,0,0,0
1114,5157.0,0,0.3070535714285714,0.06711146374458878,0.8500300582863952,0,0,0
1115,5157.5,0,0.3358528571428572,0.06898597796536796,0.7758289148875712,0,0,0
1116,5158.0,0,0.32167357142857145,0.07524212616883111,0.7935071523541678,0,0,0
1117,5158.5,0,0.28818642857142857,0.07921192170995672,0.7844537027992103,0,0,0
1118,5159.0,1,0.2525392857142857,0.08876278981876332,0.7020588073108441,0,0,0
1119,5159.5,1,0.21865357142857142,0.09152866956289975,0.6688135987923869,0,0,0
1120,5160.0,1,0.19383000000000003,0.09098247179104481,0.6784115348393982,0,0,0
1121,5160.5,1,0.17924571428571429,0.09446736085287849,0.6588122385323548,0,0,0
1122,5161.0,1,0.19115428571428572,0.08494886004264389,0.671068860235105,0,0,0
1123,5161.5,1,0.18449928571428573,0.07641069011727078,0.6665860211160047,0,0,0
1124,5162.0,1,0.18382928571428572,0.07938597534115144,0.6311306096962278,0,0,0
1125,5162.5,1,0.16920357142857143,0.07949287627931766,0.6417601431965316,0,0,0
1126,5163.0,1,0.20537000000000002,0.0816094147761194,0.6812480522091263,0,0,0
1127,5163.5,0,0.2710057142857143,0.06337855896103899,0.8778751716579607,0,0,0
1128,5164.0,0,0.32523285714285716,0.0741981034199134,0.9037513798904167,0,0,0
1129,5164.5,0,0.30890285714285715,0.07401595220779214,0.8841943667093111,0,0,0
1130,5165.0,0,0.2412157142857143,0.07545142653679653,0.818278941952304,0,0,0
1131,5165.5,0,0.23658857142857143,0.0690466941991342,0.879290505624201,0,0,0
1132,5166.0,0,0.23148642857142857,0.06961949443722945,0.9652976002579968,0,0,0
1133,5166.5,0,0.22114285714285714,0.06957270129870133,0.9944453806386911,0,0,0
1134,5167.0,0,0.16555357142857144,0.07244102435064931,0.9598936881821338,0,0,0
1135,5167.5,0,0.130695,0.0753330328787879,0.9109421210986938,1,0,0
1136,5168.0,0,0.1271892857142857,0.07735303452380947,0.8987195526278651,1,0,0
1137,5168.5,0,0.12266428571428573,0.07597050194805188,0.9412085972755868,1,0,0
1138,5169.0,0,0.12996214285714283,0.07720230824675325,0.9577618136655637,1,0,0
1139,5169.5,0,0.12175285714285715,0.0786107567532467,0.9658243539624848,1,0,0
1140,5170.0,0,0.12420571428571431,0.0812024862337662,0.9601310852955006,1,1,0
1141,5170.5,0,0.12753642857142858,0.08188337777056269,1.0,1,1,0
1142,5171.0,0,0.15130499999999997,0.08516987621212124,0.9894711244415733,0,0,0
1143,5171.5,0,0.18042142857142857,0.08833103398268391,0.9548201771098306,0,0,0
1144,5172.0,0,0.21658214285714286,0.08865315248917752,0.9697043474456091,0,0,0
1145,5172.5,0,0.20807499999999998,0.08741982499999995,0.9801417713798981,0,0,0
1146,5173.0,0,0.20781928571428573,0.08213406149350642,1.0,0,0,0
1147,5173.5,0,0.17375000000000002,0.08284761363636366,1.0,0,0,0
1148,5174.0,0,0.20003428571428575,0.08083868709956714,1.0,0,0,0
1149,5174.5,0,0.20614928571428573,0.08375093997835494,1.0,0,0,0
1150,5175.0,0,0.23262999999999998,0.09094787545454545,1.0,0,0,0
1151,5175.5,0,0.21519642857142857,0.10172995292207794,0.8985345685704305,0,0,0
1152,5176.0,0,0.20769500000000002,0.10479760863636359,0.8911705212060596,0,0,0
1153,5176.5,0,0.20987357142857144,0.10243590192640692,0.9437564793768405,0,0,0
1154,5177.0,0,0.22054214285714288,0.0980957549134199,0.9886225673352647,0,0,0
1155,5177.5,0,0.22638785714285714,0.09716917811688305,1.0,0,0,0
1156,5178.0,0,0.2238857142857143,0.09598585108225109,1.0,0,0,0
1157,5178.5,0,0.22421714285714286,0.09848154354978358,1.0,0,0,0
1158,5179.0,0,0.21239,0.10165100515151508,1.0,0,0,0
1159,5179.5,0,0.21105071428571429,0.10430001759740254,0.9785032870418445,0,0,0
1160,5180.0,0,0.20537928571428574,0.10499850634199126,0.9704252253174757,0,0,0
1161,5180.5,0,0.22011357142857144,0.10259246919913423,1.0,0,0,0
1162,5181.0,0,0.22461285714285714,0.09890204705627706,1.0,0,0,0
1163,5181.5,0,0.2601514285714286,0.09574046398268396,1.0,0,0,0
1164,5182.0,0,0.33026642857142857,0.09016459564935059,1.0,0,0,0
1165,5182.5,0,0.3773378571428571,0.09253987054112546,1.0,0,0,0
1166,5183.0,0,0.3609407142857143,0.10311200759740254,1.0,0,0,0
1167,5183.5,0,0.28881714285714283,0.11433559809523805,0.9284477681436287,0,0,0
1168,5184.0,0,0.2573385714285714,0.11972585329004322,0.9174883542813873,0,0,0
1169,5184.5,0,0.2438685714285714,0.1201486287445887,0.9646801855963469,0,0,0
1170,5185.0,0,0.23717071428571426,0.12227111941558433,0.9823381613306352,0,0,0
1171,5185.5,0,0.23042071428571426,0.12177353608225114,0.9918932455374316,0,0,0
1172,5186.0,0,0.26965142857142854,0.11579435792207785,1.0,0,0,0
1173,5186.5,0,0.2867942857142857,0.11121215012987011,1.0,0,0,0
1174,5187.0,0,0.27814,0.11406001272727272,1.0,0,0,0
1175,5187.5,0,0.2218814285714286,0.12364371216450212,1.0,0,0,0
1176,5188.0,0,0.21408285714285716,0.12852708978354974,0.9990464750888088,0,0,0
1177,5188.5,0,0.19064142857142855,0.12923675095238096,1.0,0,0,0
1178,5189.0,0,0.2019821428571429,0.1238051585497835,1.0,0,0,0
1179,5189.5,0,0.19531714285714286,0.12136952233766227,1.0,0,0,0
1180,5190.0,0,0.20155428571428569,0.12377906770562769,1.0,0,0,0
1181,5190.5,0,0.20159928571428573,0.1305514354329004,1.0,0,0,0
1182,5191.0,0,0.18351571428571428,0.13666042350649352,0.9947824110988596,0,0,0
1183,5191.5,0,0.1735907142857143,0.1382937636580086,0.9806677889376825,0,0,0
1184,5192.0,0,0.17693928571428574,0.1320378602813852,1.0,0,0,0
1185,5192.5,0,0.195645,0.12925348287878785,1.0,0,0,0
1186,5193.0,0,0.2283107142857143,0.1271792836580086,1.0,0,0,0
1187,5193.5,0,0.24834857142857142,0.1274497026839827,1.0,0,0,0
1188,5194.0,0,0.2870707142857143,0.12637141335497828,0.9909983329254006,0,0,0
1189,5194.5,0,0.32567,0.12421560636363636,0.9886048489485736,0,0,0
1190,5195.0,0,0.38466285714285714,0.11975962735930731,1.0,0,0,0
1191,5195.5,0,0.4397528571428571,0.11529724160173163,1.0,0,0,0
1192,5196.0,0,0.4805021428571429,0.113441933095238,1.0,0,0,0
1193,5196.5,0,0.5139892857142857,0.11073880422077914,1.0,0,0,0
1194,5197.0,0,0.5325628571428572,0.10661276978354983,1.0,0,0,0
1195,5197.5,0,0.5242164285714286,0.10589980322510818,1.0,0,0,0
1196,5198.0,0,0.4306021428571429,0.11494315430735927,1.0,0,0,0
1197,5198.5,0,0.34283357142857146,0.12801750435064937,1.0,0,0,0
1198,5199.0,0,0.2603364285714286,0.13948090504329,1.0,0,0,0
1199,5199.5,0,0.25662714285714283,0.1447079444588744,0.9775403653339834,0,0,0
1200,5200.0,0,0.2761007142857143,0.14244593123376623,1.0,0,0,0
1201,5200.5,0,0.29586285714285715,0.13971155463203466,1.0,0,0,0
1202,5201.0,0,0.30413071428571425,0.1388391460822511,1.0,0,0,0
1203,5201.5,0,0.295785,0.14585791984848487,0.9943836591084422,0,0,0
1204,5202.0,0,0.30784,0.14494392484848484,0.9988885159987195,0,0,0
1205,5202.5,0,0.3134814285714286,0.14733203943722945,0.9774158558494181,0,0,0
1206,5203.0,0,0.295835,0.14423428803030297,0.9929710378209283,0,0,0
1207,5203.5,0,0.28563500000000003,0.14597487590909086,0.9890116275852253,0,0,0
1208,5204.0,0,0.2800707142857143,0.14336623153679656,1.0,0,0,0
1209,5204.5,0,0.27268,0.1502960618181818,0.9592413544786759,0,0,0
1210,5205.0,0,0.2545071428571429,0.15564811536796533,0.9322676182754928,0,0,0
1211,5205.5,0,0.2192692857142857,0.1599254054329004,0.8958063371261727,0,0,0
1212,5206.0,0,0.202555,0.1573836262121212,0.905020573971168,0,0,0
1213,5206.5,0,0.21071214285714285,0.15087480067099568,0.946453768112456,0,0,0
1214,5207.0,0,0.23281000000000002,0.1466434069696969,0.9653297632129834,0,0,0
1215,5207.5,0,0.24581428571428574,0.14977593982683982,0.9425811200339005,0,0,0
1216,5208.0,0,0.2623214285714286,0.14653272186147176,0.9681878686151748,0,0,0
1217,5208.5,0,0.26989785714285713,0.14642810326839825,0.9565102465177846,0,0,0
1218,5209.0,0,0.28380785714285717,0.13761342841991342,1.0,0,0,0
1219,5209.5,0,0.29021428571428576,0.14475452164502162,0.9700141347456619,0,0,0
1220,5210.0,0,0.2706442857142857,0.1485058334632035,0.9563202552526,0,0,0
1221,5210.5,0,0.2520314285714286,0.15821645307359303,0.9072694097412272,0,0,0
1222,5211.0,0,0.21316857142857146,0.16037371662337657,0.8933248067029802,0,0,0
1223,5211.5,0,0.20536142857142856,0.16088227095238092,0.8854332235241592,0,0,0
1224,5212.0,0,0.19893714285714284,0.16002191203463204,0.8972477739253839,0,0,0
1225,5212.5,0,0.196155,0.1574266807575757,0.9116197071219571,0,0,0
1226,5213.0,0,0.20127642857142858,0.15351996019480513,0.9373179024098791,0,0,0
1227,5213.5,0,0.2049857142857143,0.15231261774891774,0.9412416858155996,0,0,0
1228,5214.0,0,0.2190035714285714,0.15029830768398272,0.9543325367822536,0,0,0
1229,5214.5,0,0.23847714285714286,0.14705144597402592,0.9702776224383969,0,0,0
1230,5215.0,0,0.2199307142857143,0.14776088547619043,0.9365157087813261,0,0,0
1231,5215.5,0,0.20678,0.14551704060606055,0.9372787420534703,0,0,0
1232,5216.0,0,0.23392142857142859,0.13959650367965362,0.9668918459821318,0,0,0
1233,5216.5,0,0.26393357142857143,0.1347388164718614,0.9808304956119822,0,0,0
1234,5217.0,0,0.27708499999999997,0.13323712893939393,1.0,0,0,0
1235,5217.5,0,0.23046928571428574,0.14266066603896102,0.9685612876702546,0,0,0
1236,5218.0,0,0.22288714285714287,0.14475530142857138,0.9560684385829821,0,0,0
1237,5218.5,0,0.210595,0.14417241772727268,0.9574446999938737,0,0,0
1238,5219.0,0,0.21063928571428572,0.14037819664502155,0.9801526537590812,0,0,0
1239,5219.5,0,0.21881071428571428,0.1379329654761904,1.0,0,0,0
1240,5220.0,0,0.21239071428571427,0.13560244244588743,1.0,0,0,0
1241,5220.5,0,0.209565,0.13666347560606065,0.9893213866456554,0,0,0
1242,5221.0,0,0.18331428571428574,0.13771116709956702,0.9614475341510255,0,0,0
1243,5221.5,0,0.17966285714285712,0.14194705160173163,0.9136361608212562,0,0,0
1244,5222.0,0,0.1601892857142857,0.14648633755411258,0.8668263998739052,0,0,0
1245,5222.5,0,0.146565,0.14993653621212122,0.8666987174193853,1,1,0
1246,5223.0,0,0.1261642857142857,0.1517571837662338,0.8595054647393043,1,1,0
1247,5223.5,0,0.12091500000000001,0.14908541651515153,0.8709185302239526,1,1,0
1248,5224.0,0,0.12003214285714284,0.14674073885281388,0.8699104683162898,1,1,0
1249,5224.5,0,0.13012857142857145,0.14150386450216443,0.8610884305840598,1,1,0
1250,5225.0,0,0.1353285714285714,0.1435067614718614,0.8044205258352809,1,1,1
1251,5225.5,0,0.11859285714285715,0.1466703482683983,0.7980947841243813,1,1,1
1252,5226.0,0,0.08716785714285713,0.15553961266233762,0.8043951093215973,1,1,1
1253,5226.5,0,0.051052142857142865,0.1641428921861472,0.8032289466326271,1,1,1
1254,5227.0,0,0.04456071428571427,0.1675853063852814,0.8011072805907926,1,1,1
1255,5227.5,0,0.039895,0.16720144499999998,0.8163501769455804,1,1,1
1256,5228.0,0,0.02864785714285714,0.1676516259956709,0.8177617845382923,1,1,1
1257,5228.5,0,0.012710714285714277,0.16914332002164503,0.815778049138039,1,1,1
1258,5229.0,0,0.01604071428571428,0.16932125911255408,0.8191899794033966,1,1,1
1259,5229.5,0,0.03563428571428572,0.16466889316017308,0.838684676799195,1,1,1
1260,5230.0,0,0.03209714285714286,0.16152110839826844,0.850392550156117,1,1,0
1261,5230.5,0,0.02879642857142858,0.15868694686147186,0.8570205945353134,1,1,0
1262,5231.0,0,0.04177857142857143,0.15856431753246755,0.8469588620503941,1,1,1
1263,5231.5,0,0.042680714285714294,0.15988871123376627,0.8432429864968848,1,1,1
1264,5232.0,0,0.03998071428571429,0.1610421021428572,0.8275753866389559,1,1,1
1265,5232.5,0,0.026038571428571418,0.16088906844155842,0.7861222129584067,1,1,1
1266,5233.0,0,0.03719142857142858,0.16137643731601733,0.7701106709214942,1,1,1
1267,5233.5,0,0.0389642857142857,0.15999683225108227,0.8175903566301941,1,1,1
1268,5234.0,0,0.026014285714285712,0.16638868528138526,0.8060334433463938,1,1,1
1269,5234.5,0,0.027869285714285725,0.16731376300865794,0.8070787263758367,1,1,1
1270,5235.0,0,0.02320714285714285,0.17017193658008653,0.7986138392775077,1,1,1
1271,5235.5,0,0.042680714285714294,0.16636295365800866,0.8267190546871919,1,1,1
1272,5236.0,0,0.037768571428571436,0.1653438317748918,0.8451646341962694,1,1,1
1273,5236.5,0,0.048921428571428574,0.16393574610389605,0.8522010635195657,1,1,0
1274,5237.0,0,0.05819500000000001,0.1643643207575757,0.8462173809837182,1,1,1
1275,5237.5,0,0.052906428571428576,0.16619229019480525,0.838936339877046,1,1,1
1276,5238.0,0,0.05197928571428572,0.16691304573593074,0.8381350433495807,1,1,1
1277,5238.5,0,0.026014285714285712,0.16776595800865798,0.8402523154051583,1,1,1
1278,5239.0,0,0.036467857142857135,0.166879549025974,0.8426248005487488,1,1,1
1279,5239.5,0,0.03461357142857143,0.16540590859307353,0.8443134925755114,1,1,1
1280,5240.0,0,0.04385428571428573,0.16367745861471855,0.8378703419241442,1,1,1
1281,5240.5,0,0.042674285714285706,0.16489092709956707,0.8337280686108729,1,1,1
1282,5241.0,0,0.04174642857142857,0.16223448777056282,0.845271922794966,1,1,1
1283,5241.5,0,0.047342857142857145,0.16191387099567092,0.8249005559208895,1,1,1
1284,5242.0,0,0.07516214285714286,0.15208005370129865,0.8518211884861803,1,1,0
1285,5242.5,0,0.11683714285714285,0.1474177817316017,0.8345976536550754,1,1,1
1286,5243.0,0,0.1417707142857143,0.1451879012337662,0.8549124904545871,1,1,0
1287,5243.5,0,0.1268942857142857,0.15654731073593064,0.8535015761510859,1,1,0
1288,5244.0,0,0.08985571428571427,0.16599360593073592,0.8242950699169935,1,1,1
1289,5244.5,0,0.074195,0.16775819954545454,0.8229476224606607,1,1,1
1290,5245.0,0,0.08258071428571429,0.16429718699134202,0.8442448854673916,1,1,1
1291,5245.5,0,0.09230357142857143,0.1630434561688312,0.853917897840857,1,1,0
1292,5246.0,0,0.10250428571428571,0.1658043055844155,0.8377822549493806,1,1,1
1293,5246.5,0,0.08952142857142859,0.16836337640692636,0.8205138298310973,1,1,1
1294,5247.0,0,0.07979857142857144,0.16787316783549777,0.8150258810811049,1,1,1
1295,5247.5,0,0.05422000000000001,0.1703536563636364,0.8041127037569485,1,1,1
1296,5248.0,0,0.05651285714285714,0.171824947056277,0.8018834477124189,1,1,1
1297,5248.5,0,0.061931428571428575,0.17298583792207792,0.7889910613852398,1,1,1
1298,5249.0,0,0.06209928571428571,0.1723145111904762,0.791670399507458,1,1,1
1299,5249.5,0,0.05522428571428572,0.17411085588744588,0.7818544186694996,1,1,1
1300,5250.0,0,0.043314285714285715,0.1732348034632034,0.7870083662149651,1,1,1
